model_id,voice,voice_id,paragraph_id,text,ttfb_ms,total_ms,audio_seconds,connection_reused,audio_url
eleven_v3,Anna Su 2,r6qgCCGI7RWKXCagm158,p01,好久不見，你最近過得怎麼樣？我剛好在附近買咖啡，要不要找個地方坐一下，慢慢聊聊近況？,667.896,3986.885,10.031,True,https://jefflai108.github.io/tts/audio/v3-benchmark-2026-09-25/eleven_v3/anna-su-2/p01.mp3
eleven_v3,Anna Su 2,r6qgCCGI7RWKXCagm158,p02,老闆，麻煩給我兩份蛋餅，一份不要加辣，另一份多一點醬油。飲料都要無糖豆漿，等一下我再過來拿，謝謝。,2325.492,6158.274,12.199125,True,https://jefflai108.github.io/tts/audio/v3-benchmark-2026-09-25/eleven_v3/anna-su-2/p02.mp3
eleven_v3,Anna Su 2,r6qgCCGI7RWKXCagm158,p03,外面看起來快下雨了，你出門記得帶傘。薄外套也拿一件，晚上可能會有點涼。到家之後傳個訊息給我，我才不會擔心。,566.033,4300.231,11.964063,True,https://jefflai108.github.io/tts/audio/v3-benchmark-2026-09-25/eleven_v3/anna-su-2/p03.mp3
eleven_v3,Anna Su 2,r6qgCCGI7RWKXCagm158,p04,這個週末如果天氣不錯，我們就搭捷運去淡水，沿著河邊慢慢散步，再找一家可以看夕陽的咖啡店坐到傍晚。,997.118,5314.132,12.120813,True,https://jefflai108.github.io/tts/audio/v3-benchmark-2026-09-25/eleven_v3/anna-su-2/p04.mp3
eleven_v3,Anna Su 2,r6qgCCGI7RWKXCagm158,p05,你從捷運站二號出口出來，先往右邊走。看到便利商店之後，在下一個路口左轉。那間店就在巷子底，有一扇深綠色的門。,500.86,4309.371,14.8375,True,https://jefflai108.github.io/tts/audio/v3-benchmark-2026-09-25/eleven_v3/anna-su-2/p05.mp3
eleven_v3,Anna Su 2,r6qgCCGI7RWKXCagm158,p06,"這筆訂單原價是1,280元，使用九折優惠後，一共是1,152元。你可以用信用卡或行動支付，付款完成後會收到電子發票。",616.66,5517.379,16.58775,True,https://jefflai108.github.io/tts/audio/v3-benchmark-2026-09-25/eleven_v3/anna-su-2/p06.mp3
eleven_v3,Anna Su 2,r6qgCCGI7RWKXCagm158,p07,活動訂在10月3日14:30開始，地點是台北車站附近的會議中心。建議你提前十五分鐘到場，這樣就有時間報到，順便找個喜歡的位子。,589.694,5532.029,15.568938,True,https://jefflai108.github.io/tts/audio/v3-benchmark-2026-09-25/eleven_v3/anna-su-2/p07.mp3
eleven_v3,Anna Su 2,r6qgCCGI7RWKXCagm158,p08,我把新的demo放到GitHub了，你有空可以幫我看看。這次主要調整了介面和語音播放，手機上用Safari或Chrome都能直接打開。,622.424,4906.865,13.400813,True,https://jefflai108.github.io/tts/audio/v3-benchmark-2026-09-25/eleven_v3/anna-su-2/p08.mp3
eleven_v3,Anna Su 2,r6qgCCGI7RWKXCagm158,p09,我們先確認一下Wi-Fi有沒有連上。你可以試著重新整理網頁，或是把App關掉再打開。如果還是不行，跟我說畫面上出現了什麼訊息。,602.629,5520.445,16.195875,True,https://jefflai108.github.io/tts/audio/v3-benchmark-2026-09-25/eleven_v3/anna-su-2/p09.mp3
eleven_v3,Anna Su 2,r6qgCCGI7RWKXCagm158,p10,今天真的辛苦你了，事情沒有照計畫進行，也不代表你做得不好。我們先休息一下，等心情比較平靜，再一起想下一步怎麼走。,526.201,4739.1,13.165688,True,https://jefflai108.github.io/tts/audio/v3-benchmark-2026-09-25/eleven_v3/anna-su-2/p10.mp3
eleven_v3,Anna Su 2,r6qgCCGI7RWKXCagm158,p11,太好了，我們終於訂到那間一直想去的餐廳了！我已經開始期待他們的招牌甜點，你可別在出門前就把肚子吃飽喔。,441.41,3427.931,10.919125,True,https://jefflai108.github.io/tts/audio/v3-benchmark-2026-09-25/eleven_v3/anna-su-2/p11.mp3
eleven_v3,Anna Su 2,r6qgCCGI7RWKXCagm158,p12,謝謝你特地邀請我，不過那天我已經有其他安排，這次可能沒辦法參加。下次如果還有機會，記得再找我，我也很想跟大家聚一聚。,629.053,5228.763,13.400813,True,https://jefflai108.github.io/tts/audio/v3-benchmark-2026-09-25/eleven_v3/anna-su-2/p12.mp3
eleven_v3,Anna Su 2,r6qgCCGI7RWKXCagm158,p13,不好意思，讓你等這麼久。剛才路上有點塞車，我應該早一點出門的。你想喝什麼，我請你，就當作是我的小小賠罪。,578.526,5021.799,11.964063,True,https://jefflai108.github.io/tts/audio/v3-benchmark-2026-09-25/eleven_v3/anna-su-2/p13.mp3
eleven_v3,Anna Su 2,r6qgCCGI7RWKXCagm158,p14,你有沒有想過，為什麼有些歌只要聽到前奏，就會立刻想起某一段回憶？明明已經過了好多年，那個畫面卻還是清楚得像昨天一樣。,582.241,5612.704,14.759125,True,https://jefflai108.github.io/tts/audio/v3-benchmark-2026-09-25/eleven_v3/anna-su-2/p14.mp3
eleven_v3,Anna Su 2,r6qgCCGI7RWKXCagm158,p15,我昨天很有決心地告訴自己，今天一定要早點睡，結果半夜還站在冰箱前面，認真思考剩下那塊蛋糕到底算不算宵夜。,538.481,4137.692,12.74775,True,https://jefflai108.github.io/tts/audio/v3-benchmark-2026-09-25/eleven_v3/anna-su-2/p15.mp3
eleven_v3,Anna Su 2,r6qgCCGI7RWKXCagm158,p16,小狐狸沿著月光照亮的小路，慢慢走回山上的家。牠把白天撿到的松果放在窗邊，輕輕地說了一聲晚安。遠處的森林安靜下來，只剩風吹過樹葉的聲音。,625.314,6917.417,19.644063,True,https://jefflai108.github.io/tts/audio/v3-benchmark-2026-09-25/eleven_v3/anna-su-2/p16.mp3
eleven_v3,Anna Su 2,r6qgCCGI7RWKXCagm158,p17,清晨的市場才剛開門，空氣裡已經飄著熱豆漿和煎蘿蔔糕的香味。攤販一邊整理蔬菜，一邊和熟客打招呼，讓還沒完全醒來的街道慢慢熱鬧起來。,571.716,5276.405,14.99425,True,https://jefflai108.github.io/tts/audio/v3-benchmark-2026-09-25/eleven_v3/anna-su-2/p17.mp3
eleven_v3,Anna Su 2,r6qgCCGI7RWKXCagm158,p18,"我們抵達海拔2,350公尺的觀景台時，溫度只有攝氏12度。雖然一路走得有點喘，但看到雲海從山谷裡慢慢升起，大家都覺得這趟來得很值得。",614.379,5804.804,17.162438,True,https://jefflai108.github.io/tts/audio/v3-benchmark-2026-09-25/eleven_v3/anna-su-2/p18.mp3
eleven_v3,Anna Su 2,r6qgCCGI7RWKXCagm158,p19,你可以把語音串流想像成水龍頭。聲音一小段一小段送過來，播放器收到之後就能開始播放。不必等到整段內容都準備好了，才聽得到第一句話。,545.051,5614.182,16.27425,True,https://jefflai108.github.io/tts/audio/v3-benchmark-2026-09-25/eleven_v3/anna-su-2/p19.mp3
eleven_v3,Anna Su 2,r6qgCCGI7RWKXCagm158,p20,有時候，進步不是把每一天都排得滿滿的，而是願意留一點空白，聽聽自己真正需要什麼。走得慢一點沒有關係，只要那個方向，仍然是你想去的地方。,562.621,6545.999,18.599125,True,https://jefflai108.github.io/tts/audio/v3-benchmark-2026-09-25/eleven_v3/anna-su-2/p20.mp3
eleven_v3,Anna Su,9lHjugDhwqoxA5MhX0az,p01,好久不見，你最近過得怎麼樣？我剛好在附近買咖啡，要不要找個地方坐一下，慢慢聊聊近況？,629.829,3473.123,8.124063,True,https://jefflai108.github.io/tts/audio/v3-benchmark-2026-09-25/eleven_v3/anna-su/p01.mp3
eleven_v3,Anna Su,9lHjugDhwqoxA5MhX0az,p02,老闆，麻煩給我兩份蛋餅，一份不要加辣，另一份多一點醬油。飲料都要無糖豆漿，等一下我再過來拿，謝謝。,540.857,4397.146,10.762438,True,https://jefflai108.github.io/tts/audio/v3-benchmark-2026-09-25/eleven_v3/anna-su/p02.mp3
eleven_v3,Anna Su,9lHjugDhwqoxA5MhX0az,p03,外面看起來快下雨了，你出門記得帶傘。薄外套也拿一件，晚上可能會有點涼。到家之後傳個訊息給我，我才不會擔心。,611.02,4749.044,11.075875,True,https://jefflai108.github.io/tts/audio/v3-benchmark-2026-09-25/eleven_v3/anna-su/p03.mp3
eleven_v3,Anna Su,9lHjugDhwqoxA5MhX0az,p04,這個週末如果天氣不錯，我們就搭捷運去淡水，沿著河邊慢慢散步，再找一家可以看夕陽的咖啡店坐到傍晚。,9583.421,12448.778,11.389375,True,https://jefflai108.github.io/tts/audio/v3-benchmark-2026-09-25/eleven_v3/anna-su/p04.mp3
eleven_v3,Anna Su,9lHjugDhwqoxA5MhX0az,p05,你從捷運站二號出口出來，先往右邊走。看到便利商店之後，在下一個路口左轉。那間店就在巷子底，有一扇深綠色的門。,650.673,5505.768,13.635875,True,https://jefflai108.github.io/tts/audio/v3-benchmark-2026-09-25/eleven_v3/anna-su/p05.mp3
eleven_v3,Anna Su,9lHjugDhwqoxA5MhX0az,p06,"這筆訂單原價是1,280元，使用九折優惠後，一共是1,152元。你可以用信用卡或行動支付，付款完成後會收到電子發票。",499.869,4964.581,16.1175,True,https://jefflai108.github.io/tts/audio/v3-benchmark-2026-09-25/eleven_v3/anna-su/p06.mp3
eleven_v3,Anna Su,9lHjugDhwqoxA5MhX0az,p07,活動訂在10月3日14:30開始，地點是台北車站附近的會議中心。建議你提前十五分鐘到場，這樣就有時間報到，順便找個喜歡的位子。,567.305,5179.706,14.288938,True,https://jefflai108.github.io/tts/audio/v3-benchmark-2026-09-25/eleven_v3/anna-su/p07.mp3
eleven_v3,Anna Su,9lHjugDhwqoxA5MhX0az,p08,我把新的demo放到GitHub了，你有空可以幫我看看。這次主要調整了介面和語音播放，手機上用Safari或Chrome都能直接打開。,633.649,4663.147,11.389375,True,https://jefflai108.github.io/tts/audio/v3-benchmark-2026-09-25/eleven_v3/anna-su/p08.mp3
eleven_v3,Anna Su,9lHjugDhwqoxA5MhX0az,p09,我們先確認一下Wi-Fi有沒有連上。你可以試著重新整理網頁，或是把App關掉再打開。如果還是不行，跟我說畫面上出現了什麼訊息。,527.665,4363.525,15.490563,True,https://jefflai108.github.io/tts/audio/v3-benchmark-2026-09-25/eleven_v3/anna-su/p09.mp3
eleven_v3,Anna Su,9lHjugDhwqoxA5MhX0az,p10,今天真的辛苦你了，事情沒有照計畫進行，也不代表你做得不好。我們先休息一下，等心情比較平靜，再一起想下一步怎麼走。,515.03,4248.292,12.43425,True,https://jefflai108.github.io/tts/audio/v3-benchmark-2026-09-25/eleven_v3/anna-su/p10.mp3
eleven_v3,Anna Su,9lHjugDhwqoxA5MhX0az,p11,太好了，我們終於訂到那間一直想去的餐廳了！我已經開始期待他們的招牌甜點，你可別在出門前就把肚子吃飽喔。,505.976,4036.648,11.15425,True,https://jefflai108.github.io/tts/audio/v3-benchmark-2026-09-25/eleven_v3/anna-su/p11.mp3
eleven_v3,Anna Su,9lHjugDhwqoxA5MhX0az,p12,謝謝你特地邀請我，不過那天我已經有其他安排，這次可能沒辦法參加。下次如果還有機會，記得再找我，我也很想跟大家聚一聚。,641.418,4762.813,13.792625,True,https://jefflai108.github.io/tts/audio/v3-benchmark-2026-09-25/eleven_v3/anna-su/p12.mp3
eleven_v3,Anna Su,9lHjugDhwqoxA5MhX0az,p13,不好意思，讓你等這麼久。剛才路上有點塞車，我應該早一點出門的。你想喝什麼，我請你，就當作是我的小小賠罪。,2193.778,6103.672,10.684063,True,https://jefflai108.github.io/tts/audio/v3-benchmark-2026-09-25/eleven_v3/anna-su/p13.mp3
eleven_v3,Anna Su,9lHjugDhwqoxA5MhX0az,p14,你有沒有想過，為什麼有些歌只要聽到前奏，就會立刻想起某一段回憶？明明已經過了好多年，那個畫面卻還是清楚得像昨天一樣。,608.904,5100.185,14.288938,True,https://jefflai108.github.io/tts/audio/v3-benchmark-2026-09-25/eleven_v3/anna-su/p14.mp3
eleven_v3,Anna Su,9lHjugDhwqoxA5MhX0az,p15,我昨天很有決心地告訴自己，今天一定要早點睡，結果半夜還站在冰箱前面，認真思考剩下那塊蛋糕到底算不算宵夜。,697.979,4367.634,12.120813,True,https://jefflai108.github.io/tts/audio/v3-benchmark-2026-09-25/eleven_v3/anna-su/p15.mp3
eleven_v3,Anna Su,9lHjugDhwqoxA5MhX0az,p16,小狐狸沿著月光照亮的小路，慢慢走回山上的家。牠把白天撿到的松果放在窗邊，輕輕地說了一聲晚安。遠處的森林安靜下來，只剩風吹過樹葉的聲音。,486.962,6041.381,19.9575,True,https://jefflai108.github.io/tts/audio/v3-benchmark-2026-09-25/eleven_v3/anna-su/p16.mp3
eleven_v3,Anna Su,9lHjugDhwqoxA5MhX0az,p17,清晨的市場才剛開門，空氣裡已經飄著熱豆漿和煎蘿蔔糕的香味。攤販一邊整理蔬菜，一邊和熟客打招呼，讓還沒完全醒來的街道慢慢熱鬧起來。,554.972,4990.678,16.509375,True,https://jefflai108.github.io/tts/audio/v3-benchmark-2026-09-25/eleven_v3/anna-su/p17.mp3
eleven_v3,Anna Su,9lHjugDhwqoxA5MhX0az,p18,"我們抵達海拔2,350公尺的觀景台時，溫度只有攝氏12度。雖然一路走得有點喘，但看到雲海從山谷裡慢慢升起，大家都覺得這趟來得很值得。",568.455,5702.784,17.162438,True,https://jefflai108.github.io/tts/audio/v3-benchmark-2026-09-25/eleven_v3/anna-su/p18.mp3
eleven_v3,Anna Su,9lHjugDhwqoxA5MhX0az,p19,你可以把語音串流想像成水龍頭。聲音一小段一小段送過來，播放器收到之後就能開始播放。不必等到整段內容都準備好了，才聽得到第一句話。,584.838,4893.901,16.1175,True,https://jefflai108.github.io/tts/audio/v3-benchmark-2026-09-25/eleven_v3/anna-su/p19.mp3
eleven_v3,Anna Su,9lHjugDhwqoxA5MhX0az,p20,有時候，進步不是把每一天都排得滿滿的，而是願意留一點空白，聽聽自己真正需要什麼。走得慢一點沒有關係，只要那個方向，仍然是你想去的地方。,6778.153,10575.313,16.58775,True,https://jefflai108.github.io/tts/audio/v3-benchmark-2026-09-25/eleven_v3/anna-su/p20.mp3
eleven_v3,Chen Mandarin Chinese,4NQthjVhIGGVfL3Si000,p01,好久不見，你最近過得怎麼樣？我剛好在附近買咖啡，要不要找個地方坐一下，慢慢聊聊近況？,1614.795,5731.66,8.280813,True,https://jefflai108.github.io/tts/audio/v3-benchmark-2026-09-25/eleven_v3/chen/p01.mp3
eleven_v3,Chen Mandarin Chinese,4NQthjVhIGGVfL3Si000,p02,老闆，麻煩給我兩份蛋餅，一份不要加辣，另一份多一點醬油。飲料都要無糖豆漿，等一下我再過來拿，謝謝。,622.589,4615.465,11.232625,True,https://jefflai108.github.io/tts/audio/v3-benchmark-2026-09-25/eleven_v3/chen/p02.mp3
eleven_v3,Chen Mandarin Chinese,4NQthjVhIGGVfL3Si000,p03,外面看起來快下雨了，你出門記得帶傘。薄外套也拿一件，晚上可能會有點涼。到家之後傳個訊息給我，我才不會擔心。,909.478,3984.264,10.18775,True,https://jefflai108.github.io/tts/audio/v3-benchmark-2026-09-25/eleven_v3/chen/p03.mp3
eleven_v3,Chen Mandarin Chinese,4NQthjVhIGGVfL3Si000,p04,這個週末如果天氣不錯，我們就搭捷運去淡水，沿著河邊慢慢散步，再找一家可以看夕陽的咖啡店坐到傍晚。,658.373,4656.19,10.18775,True,https://jefflai108.github.io/tts/audio/v3-benchmark-2026-09-25/eleven_v3/chen/p04.mp3
eleven_v3,Chen Mandarin Chinese,4NQthjVhIGGVfL3Si000,p05,你從捷運站二號出口出來，先往右邊走。看到便利商店之後，在下一個路口左轉。那間店就在巷子底，有一扇深綠色的門。,564.638,4408.096,13.008938,True,https://jefflai108.github.io/tts/audio/v3-benchmark-2026-09-25/eleven_v3/chen/p05.mp3
eleven_v3,Chen Mandarin Chinese,4NQthjVhIGGVfL3Si000,p06,"這筆訂單原價是1,280元，使用九折優惠後，一共是1,152元。你可以用信用卡或行動支付，付款完成後會收到電子發票。",547.411,5181.352,14.8375,True,https://jefflai108.github.io/tts/audio/v3-benchmark-2026-09-25/eleven_v3/chen/p06.mp3
eleven_v3,Chen Mandarin Chinese,4NQthjVhIGGVfL3Si000,p07,活動訂在10月3日14:30開始，地點是台北車站附近的會議中心。建議你提前十五分鐘到場，這樣就有時間報到，順便找個喜歡的位子。,561.926,5281.654,13.479125,True,https://jefflai108.github.io/tts/audio/v3-benchmark-2026-09-25/eleven_v3/chen/p07.mp3
eleven_v3,Chen Mandarin Chinese,4NQthjVhIGGVfL3Si000,p08,我把新的demo放到GitHub了，你有空可以幫我看看。這次主要調整了介面和語音播放，手機上用Safari或Chrome都能直接打開。,562.923,3919.36,10.9975,True,https://jefflai108.github.io/tts/audio/v3-benchmark-2026-09-25/eleven_v3/chen/p08.mp3
eleven_v3,Chen Mandarin Chinese,4NQthjVhIGGVfL3Si000,p09,我們先確認一下Wi-Fi有沒有連上。你可以試著重新整理網頁，或是把App關掉再打開。如果還是不行，跟我說畫面上出現了什麼訊息。,497.788,4550.725,13.871,True,https://jefflai108.github.io/tts/audio/v3-benchmark-2026-09-25/eleven_v3/chen/p09.mp3
eleven_v3,Chen Mandarin Chinese,4NQthjVhIGGVfL3Si000,p10,今天真的辛苦你了，事情沒有照計畫進行，也不代表你做得不好。我們先休息一下，等心情比較平靜，再一起想下一步怎麼走。,945.438,4766.853,11.389375,True,https://jefflai108.github.io/tts/audio/v3-benchmark-2026-09-25/eleven_v3/chen/p10.mp3
eleven_v3,Chen Mandarin Chinese,4NQthjVhIGGVfL3Si000,p11,太好了，我們終於訂到那間一直想去的餐廳了！我已經開始期待他們的招牌甜點，你可別在出門前就把肚子吃飽喔。,489.685,3594.984,11.232625,True,https://jefflai108.github.io/tts/audio/v3-benchmark-2026-09-25/eleven_v3/chen/p11.mp3
eleven_v3,Chen Mandarin Chinese,4NQthjVhIGGVfL3Si000,p12,謝謝你特地邀請我，不過那天我已經有其他安排，這次可能沒辦法參加。下次如果還有機會，記得再找我，我也很想跟大家聚一聚。,600.648,4649.782,11.964063,True,https://jefflai108.github.io/tts/audio/v3-benchmark-2026-09-25/eleven_v3/chen/p12.mp3
eleven_v3,Chen Mandarin Chinese,4NQthjVhIGGVfL3Si000,p13,不好意思，讓你等這麼久。剛才路上有點塞車，我應該早一點出門的。你想喝什麼，我請你，就當作是我的小小賠罪。,614.515,4408.456,9.87425,True,https://jefflai108.github.io/tts/audio/v3-benchmark-2026-09-25/eleven_v3/chen/p13.mp3
eleven_v3,Chen Mandarin Chinese,4NQthjVhIGGVfL3Si000,p14,你有沒有想過，為什麼有些歌只要聽到前奏，就會立刻想起某一段回憶？明明已經過了好多年，那個畫面卻還是清楚得像昨天一樣。,641.875,5225.334,13.5575,True,https://jefflai108.github.io/tts/audio/v3-benchmark-2026-09-25/eleven_v3/chen/p14.mp3
eleven_v3,Chen Mandarin Chinese,4NQthjVhIGGVfL3Si000,p15,我昨天很有決心地告訴自己，今天一定要早點睡，結果半夜還站在冰箱前面，認真思考剩下那塊蛋糕到底算不算宵夜。,525.101,3693.402,10.605688,True,https://jefflai108.github.io/tts/audio/v3-benchmark-2026-09-25/eleven_v3/chen/p15.mp3
eleven_v3,Chen Mandarin Chinese,4NQthjVhIGGVfL3Si000,p16,小狐狸沿著月光照亮的小路，慢慢走回山上的家。牠把白天撿到的松果放在窗邊，輕輕地說了一聲晚安。遠處的森林安靜下來，只剩風吹過樹葉的聲音。,13288.916,17300.681,18.520813,True,https://jefflai108.github.io/tts/audio/v3-benchmark-2026-09-25/eleven_v3/chen/p16.mp3
eleven_v3,Chen Mandarin Chinese,4NQthjVhIGGVfL3Si000,p17,清晨的市場才剛開門，空氣裡已經飄著熱豆漿和煎蘿蔔糕的香味。攤販一邊整理蔬菜，一邊和熟客打招呼，讓還沒完全醒來的街道慢慢熱鬧起來。,541.161,5111.935,13.635875,True,https://jefflai108.github.io/tts/audio/v3-benchmark-2026-09-25/eleven_v3/chen/p17.mp3
eleven_v3,Chen Mandarin Chinese,4NQthjVhIGGVfL3Si000,p18,"我們抵達海拔2,350公尺的觀景台時，溫度只有攝氏12度。雖然一路走得有點喘，但看到雲海從山谷裡慢慢升起，大家都覺得這趟來得很值得。",747.949,6205.955,15.072625,True,https://jefflai108.github.io/tts/audio/v3-benchmark-2026-09-25/eleven_v3/chen/p18.mp3
eleven_v3,Chen Mandarin Chinese,4NQthjVhIGGVfL3Si000,p19,你可以把語音串流想像成水龍頭。聲音一小段一小段送過來，播放器收到之後就能開始播放。不必等到整段內容都準備好了，才聽得到第一句話。,615.946,5052.163,14.02775,True,https://jefflai108.github.io/tts/audio/v3-benchmark-2026-09-25/eleven_v3/chen/p19.mp3
eleven_v3,Chen Mandarin Chinese,4NQthjVhIGGVfL3Si000,p20,有時候，進步不是把每一天都排得滿滿的，而是願意留一點空白，聽聽自己真正需要什麼。走得慢一點沒有關係，只要那個方向，仍然是你想去的地方。,2875.916,7509.553,13.71425,True,https://jefflai108.github.io/tts/audio/v3-benchmark-2026-09-25/eleven_v3/chen/p20.mp3
eleven_v3,Hua,SoLCar3sKHqXqvJc7jmm,p01,好久不見，你最近過得怎麼樣？我剛好在附近買咖啡，要不要找個地方坐一下，慢慢聊聊近況？,616.636,3345.619,7.810563,True,https://jefflai108.github.io/tts/audio/v3-benchmark-2026-09-25/eleven_v3/hua/p01.mp3
eleven_v3,Hua,SoLCar3sKHqXqvJc7jmm,p02,老闆，麻煩給我兩份蛋餅，一份不要加辣，另一份多一點醬油。飲料都要無糖豆漿，等一下我再過來拿，謝謝。,2134.932,4991.781,8.280813,True,https://jefflai108.github.io/tts/audio/v3-benchmark-2026-09-25/eleven_v3/hua/p02.mp3
eleven_v3,Hua,SoLCar3sKHqXqvJc7jmm,p03,外面看起來快下雨了，你出門記得帶傘。薄外套也拿一件，晚上可能會有點涼。到家之後傳個訊息給我，我才不會擔心。,665.566,4616.237,11.232625,True,https://jefflai108.github.io/tts/audio/v3-benchmark-2026-09-25/eleven_v3/hua/p03.mp3
eleven_v3,Hua,SoLCar3sKHqXqvJc7jmm,p04,這個週末如果天氣不錯，我們就搭捷運去淡水，沿著河邊慢慢散步，再找一家可以看夕陽的咖啡店坐到傍晚。,617.92,3901.603,10.109375,True,https://jefflai108.github.io/tts/audio/v3-benchmark-2026-09-25/eleven_v3/hua/p04.mp3
eleven_v3,Hua,SoLCar3sKHqXqvJc7jmm,p05,你從捷運站二號出口出來，先往右邊走。看到便利商店之後，在下一個路口左轉。那間店就在巷子底，有一扇深綠色的門。,3087.931,7154.953,12.042438,True,https://jefflai108.github.io/tts/audio/v3-benchmark-2026-09-25/eleven_v3/hua/p05.mp3
eleven_v3,Hua,SoLCar3sKHqXqvJc7jmm,p06,"這筆訂單原價是1,280元，使用九折優惠後，一共是1,152元。你可以用信用卡或行動支付，付款完成後會收到電子發票。",627.977,4297.545,11.546063,True,https://jefflai108.github.io/tts/audio/v3-benchmark-2026-09-25/eleven_v3/hua/p06.mp3
eleven_v3,Hua,SoLCar3sKHqXqvJc7jmm,p07,活動訂在10月3日14:30開始，地點是台北車站附近的會議中心。建議你提前十五分鐘到場，這樣就有時間報到，順便找個喜歡的位子。,518.594,4358.444,13.244063,True,https://jefflai108.github.io/tts/audio/v3-benchmark-2026-09-25/eleven_v3/hua/p07.mp3
eleven_v3,Hua,SoLCar3sKHqXqvJc7jmm,p08,我把新的demo放到GitHub了，你有空可以幫我看看。這次主要調整了介面和語音播放，手機上用Safari或Chrome都能直接打開。,531.616,3610.889,10.527313,True,https://jefflai108.github.io/tts/audio/v3-benchmark-2026-09-25/eleven_v3/hua/p08.mp3
eleven_v3,Hua,SoLCar3sKHqXqvJc7jmm,p09,我們先確認一下Wi-Fi有沒有連上。你可以試著重新整理網頁，或是把App關掉再打開。如果還是不行，跟我說畫面上出現了什麼訊息。,537.213,4822.669,13.165688,True,https://jefflai108.github.io/tts/audio/v3-benchmark-2026-09-25/eleven_v3/hua/p09.mp3
eleven_v3,Hua,SoLCar3sKHqXqvJc7jmm,p10,今天真的辛苦你了，事情沒有照計畫進行，也不代表你做得不好。我們先休息一下，等心情比較平靜，再一起想下一步怎麼走。,594.54,4297.422,11.311,True,https://jefflai108.github.io/tts/audio/v3-benchmark-2026-09-25/eleven_v3/hua/p10.mp3
eleven_v3,Hua,SoLCar3sKHqXqvJc7jmm,p11,太好了，我們終於訂到那間一直想去的餐廳了！我已經開始期待他們的招牌甜點，你可別在出門前就把肚子吃飽喔。,545.963,3618.755,8.986063,True,https://jefflai108.github.io/tts/audio/v3-benchmark-2026-09-25/eleven_v3/hua/p11.mp3
eleven_v3,Hua,SoLCar3sKHqXqvJc7jmm,p12,謝謝你特地邀請我，不過那天我已經有其他安排，這次可能沒辦法參加。下次如果還有機會，記得再找我，我也很想跟大家聚一聚。,549.538,4192.246,11.075875,True,https://jefflai108.github.io/tts/audio/v3-benchmark-2026-09-25/eleven_v3/hua/p12.mp3
eleven_v3,Hua,SoLCar3sKHqXqvJc7jmm,p13,不好意思，讓你等這麼久。剛才路上有點塞車，我應該早一點出門的。你想喝什麼，我請你，就當作是我的小小賠罪。,517.953,3941.436,10.527313,True,https://jefflai108.github.io/tts/audio/v3-benchmark-2026-09-25/eleven_v3/hua/p13.mp3
eleven_v3,Hua,SoLCar3sKHqXqvJc7jmm,p14,你有沒有想過，為什麼有些歌只要聽到前奏，就會立刻想起某一段回憶？明明已經過了好多年，那個畫面卻還是清楚得像昨天一樣。,6879.656,9373.279,11.15425,False,https://jefflai108.github.io/tts/audio/v3-benchmark-2026-09-25/eleven_v3/hua/p14.mp3
eleven_v3,Hua,SoLCar3sKHqXqvJc7jmm,p15,我昨天很有決心地告訴自己，今天一定要早點睡，結果半夜還站在冰箱前面，認真思考剩下那塊蛋糕到底算不算宵夜。,758.834,4591.827,10.840813,True,https://jefflai108.github.io/tts/audio/v3-benchmark-2026-09-25/eleven_v3/hua/p15.mp3
eleven_v3,Hua,SoLCar3sKHqXqvJc7jmm,p16,小狐狸沿著月光照亮的小路，慢慢走回山上的家。牠把白天撿到的松果放在窗邊，輕輕地說了一聲晚安。遠處的森林安靜下來，只剩風吹過樹葉的聲音。,603.677,5025.718,15.725688,True,https://jefflai108.github.io/tts/audio/v3-benchmark-2026-09-25/eleven_v3/hua/p16.mp3
eleven_v3,Hua,SoLCar3sKHqXqvJc7jmm,p17,清晨的市場才剛開門，空氣裡已經飄著熱豆漿和煎蘿蔔糕的香味。攤販一邊整理蔬菜，一邊和熟客打招呼，讓還沒完全醒來的街道慢慢熱鬧起來。,635.468,5574.582,14.210563,True,https://jefflai108.github.io/tts/audio/v3-benchmark-2026-09-25/eleven_v3/hua/p17.mp3
eleven_v3,Hua,SoLCar3sKHqXqvJc7jmm,p18,"我們抵達海拔2,350公尺的觀景台時，溫度只有攝氏12度。雖然一路走得有點喘，但看到雲海從山谷裡慢慢升起，大家都覺得這趟來得很值得。",656.777,5045.059,14.02775,True,https://jefflai108.github.io/tts/audio/v3-benchmark-2026-09-25/eleven_v3/hua/p18.mp3
eleven_v3,Hua,SoLCar3sKHqXqvJc7jmm,p19,你可以把語音串流想像成水龍頭。聲音一小段一小段送過來，播放器收到之後就能開始播放。不必等到整段內容都準備好了，才聽得到第一句話。,579.225,4874.158,12.43425,True,https://jefflai108.github.io/tts/audio/v3-benchmark-2026-09-25/eleven_v3/hua/p19.mp3
eleven_v3,Hua,SoLCar3sKHqXqvJc7jmm,p20,有時候，進步不是把每一天都排得滿滿的，而是願意留一點空白，聽聽自己真正需要什麼。走得慢一點沒有關係，只要那個方向，仍然是你想去的地方。,8866.944,12334.719,13.5575,True,https://jefflai108.github.io/tts/audio/v3-benchmark-2026-09-25/eleven_v3/hua/p20.mp3
eleven_v3,Tiffy,1AKkSX7KMPHIWuz76m0n,p01,好久不見，你最近過得怎麼樣？我剛好在附近買咖啡，要不要找個地方坐一下，慢慢聊聊近況？,546.019,2997.449,8.045688,True,https://jefflai108.github.io/tts/audio/v3-benchmark-2026-09-25/eleven_v3/tiffy/p01.mp3
eleven_v3,Tiffy,1AKkSX7KMPHIWuz76m0n,p02,老闆，麻煩給我兩份蛋餅，一份不要加辣，另一份多一點醬油。飲料都要無糖豆漿，等一下我再過來拿，謝謝。,583.438,4081.13,9.952625,True,https://jefflai108.github.io/tts/audio/v3-benchmark-2026-09-25/eleven_v3/tiffy/p02.mp3
eleven_v3,Tiffy,1AKkSX7KMPHIWuz76m0n,p03,外面看起來快下雨了，你出門記得帶傘。薄外套也拿一件，晚上可能會有點涼。到家之後傳個訊息給我，我才不會擔心。,776.14,4347.644,10.18775,True,https://jefflai108.github.io/tts/audio/v3-benchmark-2026-09-25/eleven_v3/tiffy/p03.mp3
eleven_v3,Tiffy,1AKkSX7KMPHIWuz76m0n,p04,這個週末如果天氣不錯，我們就搭捷運去淡水，沿著河邊慢慢散步，再找一家可以看夕陽的咖啡店坐到傍晚。,696.681,4645.043,10.18775,True,https://jefflai108.github.io/tts/audio/v3-benchmark-2026-09-25/eleven_v3/tiffy/p04.mp3
eleven_v3,Tiffy,1AKkSX7KMPHIWuz76m0n,p05,你從捷運站二號出口出來，先往右邊走。看到便利商店之後，在下一個路口左轉。那間店就在巷子底，有一扇深綠色的門。,612.305,4972.235,12.591,True,https://jefflai108.github.io/tts/audio/v3-benchmark-2026-09-25/eleven_v3/tiffy/p05.mp3
eleven_v3,Tiffy,1AKkSX7KMPHIWuz76m0n,p06,"這筆訂單原價是1,280元，使用九折優惠後，一共是1,152元。你可以用信用卡或行動支付，付款完成後會收到電子發票。",569.997,5416.869,15.30775,True,https://jefflai108.github.io/tts/audio/v3-benchmark-2026-09-25/eleven_v3/tiffy/p06.mp3
eleven_v3,Tiffy,1AKkSX7KMPHIWuz76m0n,p07,活動訂在10月3日14:30開始，地點是台北車站附近的會議中心。建議你提前十五分鐘到場，這樣就有時間報到，順便找個喜歡的位子。,606.059,4580.972,13.479125,True,https://jefflai108.github.io/tts/audio/v3-benchmark-2026-09-25/eleven_v3/tiffy/p07.mp3
eleven_v3,Tiffy,1AKkSX7KMPHIWuz76m0n,p08,我把新的demo放到GitHub了，你有空可以幫我看看。這次主要調整了介面和語音播放，手機上用Safari或Chrome都能直接打開。,575.021,3747.632,10.527313,True,https://jefflai108.github.io/tts/audio/v3-benchmark-2026-09-25/eleven_v3/tiffy/p08.mp3
eleven_v3,Tiffy,1AKkSX7KMPHIWuz76m0n,p09,我們先確認一下Wi-Fi有沒有連上。你可以試著重新整理網頁，或是把App關掉再打開。如果還是不行，跟我說畫面上出現了什麼訊息。,646.961,5580.781,13.949375,True,https://jefflai108.github.io/tts/audio/v3-benchmark-2026-09-25/eleven_v3/tiffy/p09.mp3
eleven_v3,Tiffy,1AKkSX7KMPHIWuz76m0n,p10,今天真的辛苦你了，事情沒有照計畫進行，也不代表你做得不好。我們先休息一下，等心情比較平靜，再一起想下一步怎麼走。,647.956,4840.307,11.885688,True,https://jefflai108.github.io/tts/audio/v3-benchmark-2026-09-25/eleven_v3/tiffy/p10.mp3
eleven_v3,Tiffy,1AKkSX7KMPHIWuz76m0n,p11,太好了，我們終於訂到那間一直想去的餐廳了！我已經開始期待他們的招牌甜點，你可別在出門前就把肚子吃飽喔。,560.375,3882.635,10.031,True,https://jefflai108.github.io/tts/audio/v3-benchmark-2026-09-25/eleven_v3/tiffy/p11.mp3
eleven_v3,Tiffy,1AKkSX7KMPHIWuz76m0n,p12,謝謝你特地邀請我，不過那天我已經有其他安排，這次可能沒辦法參加。下次如果還有機會，記得再找我，我也很想跟大家聚一聚。,543.659,4504.532,13.71425,True,https://jefflai108.github.io/tts/audio/v3-benchmark-2026-09-25/eleven_v3/tiffy/p12.mp3
eleven_v3,Tiffy,1AKkSX7KMPHIWuz76m0n,p13,不好意思，讓你等這麼久。剛才路上有點塞車，我應該早一點出門的。你想喝什麼，我請你，就當作是我的小小賠罪。,498.909,3571.609,10.762438,True,https://jefflai108.github.io/tts/audio/v3-benchmark-2026-09-25/eleven_v3/tiffy/p13.mp3
eleven_v3,Tiffy,1AKkSX7KMPHIWuz76m0n,p14,你有沒有想過，為什麼有些歌只要聽到前奏，就會立刻想起某一段回憶？明明已經過了好多年，那個畫面卻還是清楚得像昨天一樣。,595.903,4585.381,12.2775,True,https://jefflai108.github.io/tts/audio/v3-benchmark-2026-09-25/eleven_v3/tiffy/p14.mp3
eleven_v3,Tiffy,1AKkSX7KMPHIWuz76m0n,p15,我昨天很有決心地告訴自己，今天一定要早點睡，結果半夜還站在冰箱前面，認真思考剩下那塊蛋糕到底算不算宵夜。,691.781,4140.872,10.605688,True,https://jefflai108.github.io/tts/audio/v3-benchmark-2026-09-25/eleven_v3/tiffy/p15.mp3
eleven_v3,Tiffy,1AKkSX7KMPHIWuz76m0n,p16,小狐狸沿著月光照亮的小路，慢慢走回山上的家。牠把白天撿到的松果放在窗邊，輕輕地說了一聲晚安。遠處的森林安靜下來，只剩風吹過樹葉的聲音。,533.22,6265.047,18.207313,True,https://jefflai108.github.io/tts/audio/v3-benchmark-2026-09-25/eleven_v3/tiffy/p16.mp3
eleven_v3,Tiffy,1AKkSX7KMPHIWuz76m0n,p17,清晨的市場才剛開門，空氣裡已經飄著熱豆漿和煎蘿蔔糕的香味。攤販一邊整理蔬菜，一邊和熟客打招呼，讓還沒完全醒來的街道慢慢熱鬧起來。,658.76,5105.173,14.524063,True,https://jefflai108.github.io/tts/audio/v3-benchmark-2026-09-25/eleven_v3/tiffy/p17.mp3
eleven_v3,Tiffy,1AKkSX7KMPHIWuz76m0n,p18,"我們抵達海拔2,350公尺的觀景台時，溫度只有攝氏12度。雖然一路走得有點喘，但看到雲海從山谷裡慢慢升起，大家都覺得這趟來得很值得。",619.766,5400.321,14.99425,True,https://jefflai108.github.io/tts/audio/v3-benchmark-2026-09-25/eleven_v3/tiffy/p18.mp3
eleven_v3,Tiffy,1AKkSX7KMPHIWuz76m0n,p19,你可以把語音串流想像成水龍頭。聲音一小段一小段送過來，播放器收到之後就能開始播放。不必等到整段內容都準備好了，才聽得到第一句話。,655.336,5507.878,14.288938,True,https://jefflai108.github.io/tts/audio/v3-benchmark-2026-09-25/eleven_v3/tiffy/p19.mp3
eleven_v3,Tiffy,1AKkSX7KMPHIWuz76m0n,p20,有時候，進步不是把每一天都排得滿滿的，而是願意留一點空白，聽聽自己真正需要什麼。走得慢一點沒有關係，只要那個方向，仍然是你想去的地方。,716.047,7026.037,14.288938,True,https://jefflai108.github.io/tts/audio/v3-benchmark-2026-09-25/eleven_v3/tiffy/p20.mp3
eleven_v3,Yao Yuan Wu,R55vTH9XmVSyAcM6YvtV,p01,好久不見，你最近過得怎麼樣？我剛好在附近買咖啡，要不要找個地方坐一下，慢慢聊聊近況？,575.703,3157.963,7.810563,True,https://jefflai108.github.io/tts/audio/v3-benchmark-2026-09-25/eleven_v3/yao-yuan-wu/p01.mp3
eleven_v3,Yao Yuan Wu,R55vTH9XmVSyAcM6YvtV,p02,老闆，麻煩給我兩份蛋餅，一份不要加辣，另一份多一點醬油。飲料都要無糖豆漿，等一下我再過來拿，謝謝。,3058.496,6466.534,9.639125,True,https://jefflai108.github.io/tts/audio/v3-benchmark-2026-09-25/eleven_v3/yao-yuan-wu/p02.mp3
eleven_v3,Yao Yuan Wu,R55vTH9XmVSyAcM6YvtV,p03,外面看起來快下雨了，你出門記得帶傘。薄外套也拿一件，晚上可能會有點涼。到家之後傳個訊息給我，我才不會擔心。,625.115,3604.997,10.527313,True,https://jefflai108.github.io/tts/audio/v3-benchmark-2026-09-25/eleven_v3/yao-yuan-wu/p03.mp3
eleven_v3,Yao Yuan Wu,R55vTH9XmVSyAcM6YvtV,p04,這個週末如果天氣不錯，我們就搭捷運去淡水，沿著河邊慢慢散步，再找一家可以看夕陽的咖啡店坐到傍晚。,636.912,4296.922,8.59425,True,https://jefflai108.github.io/tts/audio/v3-benchmark-2026-09-25/eleven_v3/yao-yuan-wu/p04.mp3
eleven_v3,Yao Yuan Wu,R55vTH9XmVSyAcM6YvtV,p05,你從捷運站二號出口出來，先往右邊走。看到便利商店之後，在下一個路口左轉。那間店就在巷子底，有一扇深綠色的門。,648.978,4785.072,11.46775,True,https://jefflai108.github.io/tts/audio/v3-benchmark-2026-09-25/eleven_v3/yao-yuan-wu/p05.mp3
eleven_v3,Yao Yuan Wu,R55vTH9XmVSyAcM6YvtV,p06,"這筆訂單原價是1,280元，使用九折優惠後，一共是1,152元。你可以用信用卡或行動支付，付款完成後會收到電子發票。",608.981,4220.752,12.042438,True,https://jefflai108.github.io/tts/audio/v3-benchmark-2026-09-25/eleven_v3/yao-yuan-wu/p06.mp3
eleven_v3,Yao Yuan Wu,R55vTH9XmVSyAcM6YvtV,p07,活動訂在10月3日14:30開始，地點是台北車站附近的會議中心。建議你提前十五分鐘到場，這樣就有時間報到，順便找個喜歡的位子。,626.943,5199.444,12.43425,True,https://jefflai108.github.io/tts/audio/v3-benchmark-2026-09-25/eleven_v3/yao-yuan-wu/p07.mp3
eleven_v3,Yao Yuan Wu,R55vTH9XmVSyAcM6YvtV,p08,我把新的demo放到GitHub了，你有空可以幫我看看。這次主要調整了介面和語音播放，手機上用Safari或Chrome都能直接打開。,560.601,3215.631,9.7175,True,https://jefflai108.github.io/tts/audio/v3-benchmark-2026-09-25/eleven_v3/yao-yuan-wu/p08.mp3
eleven_v3,Yao Yuan Wu,R55vTH9XmVSyAcM6YvtV,p09,我們先確認一下Wi-Fi有沒有連上。你可以試著重新整理網頁，或是把App關掉再打開。如果還是不行，跟我說畫面上出現了什麼訊息。,595.34,4547.885,13.087313,True,https://jefflai108.github.io/tts/audio/v3-benchmark-2026-09-25/eleven_v3/yao-yuan-wu/p09.mp3
eleven_v3,Yao Yuan Wu,R55vTH9XmVSyAcM6YvtV,p10,今天真的辛苦你了，事情沒有照計畫進行，也不代表你做得不好。我們先休息一下，等心情比較平靜，再一起想下一步怎麼走。,441.447,2797.01,10.527313,True,https://jefflai108.github.io/tts/audio/v3-benchmark-2026-09-25/eleven_v3/yao-yuan-wu/p10.mp3
eleven_v3,Yao Yuan Wu,R55vTH9XmVSyAcM6YvtV,p11,太好了，我們終於訂到那間一直想去的餐廳了！我已經開始期待他們的招牌甜點，你可別在出門前就把肚子吃飽喔。,494.648,3580.806,8.986063,True,https://jefflai108.github.io/tts/audio/v3-benchmark-2026-09-25/eleven_v3/yao-yuan-wu/p11.mp3
eleven_v3,Yao Yuan Wu,R55vTH9XmVSyAcM6YvtV,p12,謝謝你特地邀請我，不過那天我已經有其他安排，這次可能沒辦法參加。下次如果還有機會，記得再找我，我也很想跟大家聚一聚。,641.928,3972.351,10.031,True,https://jefflai108.github.io/tts/audio/v3-benchmark-2026-09-25/eleven_v3/yao-yuan-wu/p12.mp3
eleven_v3,Yao Yuan Wu,R55vTH9XmVSyAcM6YvtV,p13,不好意思，讓你等這麼久。剛才路上有點塞車，我應該早一點出門的。你想喝什麼，我請你，就當作是我的小小賠罪。,519.23,3559.6,9.560813,True,https://jefflai108.github.io/tts/audio/v3-benchmark-2026-09-25/eleven_v3/yao-yuan-wu/p13.mp3
eleven_v3,Yao Yuan Wu,R55vTH9XmVSyAcM6YvtV,p14,你有沒有想過，為什麼有些歌只要聽到前奏，就會立刻想起某一段回憶？明明已經過了好多年，那個畫面卻還是清楚得像昨天一樣。,634.077,4771.207,11.885688,True,https://jefflai108.github.io/tts/audio/v3-benchmark-2026-09-25/eleven_v3/yao-yuan-wu/p14.mp3
eleven_v3,Yao Yuan Wu,R55vTH9XmVSyAcM6YvtV,p15,我昨天很有決心地告訴自己，今天一定要早點睡，結果半夜還站在冰箱前面，認真思考剩下那塊蛋糕到底算不算宵夜。,528.433,3553.082,8.515875,True,https://jefflai108.github.io/tts/audio/v3-benchmark-2026-09-25/eleven_v3/yao-yuan-wu/p15.mp3
eleven_v3,Yao Yuan Wu,R55vTH9XmVSyAcM6YvtV,p16,小狐狸沿著月光照亮的小路，慢慢走回山上的家。牠把白天撿到的松果放在窗邊，輕輕地說了一聲晚安。遠處的森林安靜下來，只剩風吹過樹葉的聲音。,578.749,5486.792,16.039125,True,https://jefflai108.github.io/tts/audio/v3-benchmark-2026-09-25/eleven_v3/yao-yuan-wu/p16.mp3
eleven_v3,Yao Yuan Wu,R55vTH9XmVSyAcM6YvtV,p17,清晨的市場才剛開門，空氣裡已經飄著熱豆漿和煎蘿蔔糕的香味。攤販一邊整理蔬菜，一邊和熟客打招呼，讓還沒完全醒來的街道慢慢熱鬧起來。,570.633,5447.467,13.165688,True,https://jefflai108.github.io/tts/audio/v3-benchmark-2026-09-25/eleven_v3/yao-yuan-wu/p17.mp3
eleven_v3,Yao Yuan Wu,R55vTH9XmVSyAcM6YvtV,p18,"我們抵達海拔2,350公尺的觀景台時，溫度只有攝氏12度。雖然一路走得有點喘，但看到雲海從山谷裡慢慢升起，大家都覺得這趟來得很值得。",639.924,4796.685,12.591,True,https://jefflai108.github.io/tts/audio/v3-benchmark-2026-09-25/eleven_v3/yao-yuan-wu/p18.mp3
eleven_v3,Yao Yuan Wu,R55vTH9XmVSyAcM6YvtV,p19,你可以把語音串流想像成水龍頭。聲音一小段一小段送過來，播放器收到之後就能開始播放。不必等到整段內容都準備好了，才聽得到第一句話。,658.294,5054.633,11.728938,True,https://jefflai108.github.io/tts/audio/v3-benchmark-2026-09-25/eleven_v3/yao-yuan-wu/p19.mp3
eleven_v3,Yao Yuan Wu,R55vTH9XmVSyAcM6YvtV,p20,有時候，進步不是把每一天都排得滿滿的，而是願意留一點空白，聽聽自己真正需要什麼。走得慢一點沒有關係，只要那個方向，仍然是你想去的地方。,613.386,5814.459,13.635875,True,https://jefflai108.github.io/tts/audio/v3-benchmark-2026-09-25/eleven_v3/yao-yuan-wu/p20.mp3
eleven_v3,Zack,DSyEP4HEaCKur8rFFOri,p01,好久不見，你最近過得怎麼樣？我剛好在附近買咖啡，要不要找個地方坐一下，慢慢聊聊近況？,732.804,3465.335,8.124063,True,https://jefflai108.github.io/tts/audio/v3-benchmark-2026-09-25/eleven_v3/zack/p01.mp3
eleven_v3,Zack,DSyEP4HEaCKur8rFFOri,p02,老闆，麻煩給我兩份蛋餅，一份不要加辣，另一份多一點醬油。飲料都要無糖豆漿，等一下我再過來拿，謝謝。,774.578,4227.154,9.247313,True,https://jefflai108.github.io/tts/audio/v3-benchmark-2026-09-25/eleven_v3/zack/p02.mp3
eleven_v3,Zack,DSyEP4HEaCKur8rFFOri,p03,外面看起來快下雨了，你出門記得帶傘。薄外套也拿一件，晚上可能會有點涼。到家之後傳個訊息給我，我才不會擔心。,602.749,3888.31,10.762438,True,https://jefflai108.github.io/tts/audio/v3-benchmark-2026-09-25/eleven_v3/zack/p03.mp3
eleven_v3,Zack,DSyEP4HEaCKur8rFFOri,p04,這個週末如果天氣不錯，我們就搭捷運去淡水，沿著河邊慢慢散步，再找一家可以看夕陽的咖啡店坐到傍晚。,614.383,4981.352,11.650563,True,https://jefflai108.github.io/tts/audio/v3-benchmark-2026-09-25/eleven_v3/zack/p04.mp3
eleven_v3,Zack,DSyEP4HEaCKur8rFFOri,p05,你從捷運站二號出口出來，先往右邊走。看到便利商店之後，在下一個路口左轉。那間店就在巷子底，有一扇深綠色的門。,634.951,5320.329,12.826063,True,https://jefflai108.github.io/tts/audio/v3-benchmark-2026-09-25/eleven_v3/zack/p05.mp3
eleven_v3,Zack,DSyEP4HEaCKur8rFFOri,p06,"這筆訂單原價是1,280元，使用九折優惠後，一共是1,152元。你可以用信用卡或行動支付，付款完成後會收到電子發票。",668.91,5998.083,16.666063,True,https://jefflai108.github.io/tts/audio/v3-benchmark-2026-09-25/eleven_v3/zack/p06.mp3
eleven_v3,Zack,DSyEP4HEaCKur8rFFOri,p07,活動訂在10月3日14:30開始，地點是台北車站附近的會議中心。建議你提前十五分鐘到場，這樣就有時間報到，順便找個喜歡的位子。,502.757,4612.36,15.882438,True,https://jefflai108.github.io/tts/audio/v3-benchmark-2026-09-25/eleven_v3/zack/p07.mp3
eleven_v3,Zack,DSyEP4HEaCKur8rFFOri,p08,我把新的demo放到GitHub了，你有空可以幫我看看。這次主要調整了介面和語音播放，手機上用Safari或Chrome都能直接打開。,610.857,4538.39,10.919125,True,https://jefflai108.github.io/tts/audio/v3-benchmark-2026-09-25/eleven_v3/zack/p08.mp3
eleven_v3,Zack,DSyEP4HEaCKur8rFFOri,p09,我們先確認一下Wi-Fi有沒有連上。你可以試著重新整理網頁，或是把App關掉再打開。如果還是不行，跟我說畫面上出現了什麼訊息。,558.732,4928.795,12.591,True,https://jefflai108.github.io/tts/audio/v3-benchmark-2026-09-25/eleven_v3/zack/p09.mp3
eleven_v3,Zack,DSyEP4HEaCKur8rFFOri,p10,今天真的辛苦你了，事情沒有照計畫進行，也不代表你做得不好。我們先休息一下，等心情比較平靜，再一起想下一步怎麼走。,523.538,3742.222,11.15425,True,https://jefflai108.github.io/tts/audio/v3-benchmark-2026-09-25/eleven_v3/zack/p10.mp3
eleven_v3,Zack,DSyEP4HEaCKur8rFFOri,p11,太好了，我們終於訂到那間一直想去的餐廳了！我已經開始期待他們的招牌甜點，你可別在出門前就把肚子吃飽喔。,496.33,3855.15,10.031,True,https://jefflai108.github.io/tts/audio/v3-benchmark-2026-09-25/eleven_v3/zack/p11.mp3
eleven_v3,Zack,DSyEP4HEaCKur8rFFOri,p12,謝謝你特地邀請我，不過那天我已經有其他安排，這次可能沒辦法參加。下次如果還有機會，記得再找我，我也很想跟大家聚一聚。,546.271,4431.099,11.46775,True,https://jefflai108.github.io/tts/audio/v3-benchmark-2026-09-25/eleven_v3/zack/p12.mp3
eleven_v3,Zack,DSyEP4HEaCKur8rFFOri,p13,不好意思，讓你等這麼久。剛才路上有點塞車，我應該早一點出門的。你想喝什麼，我請你，就當作是我的小小賠罪。,596.894,4413.605,10.684063,True,https://jefflai108.github.io/tts/audio/v3-benchmark-2026-09-25/eleven_v3/zack/p13.mp3
eleven_v3,Zack,DSyEP4HEaCKur8rFFOri,p14,你有沒有想過，為什麼有些歌只要聽到前奏，就會立刻想起某一段回憶？明明已經過了好多年，那個畫面卻還是清楚得像昨天一樣。,637.493,4789.027,12.74775,True,https://jefflai108.github.io/tts/audio/v3-benchmark-2026-09-25/eleven_v3/zack/p14.mp3
eleven_v3,Zack,DSyEP4HEaCKur8rFFOri,p15,我昨天很有決心地告訴自己，今天一定要早點睡，結果半夜還站在冰箱前面，認真思考剩下那塊蛋糕到底算不算宵夜。,487.963,3152.909,10.9975,True,https://jefflai108.github.io/tts/audio/v3-benchmark-2026-09-25/eleven_v3/zack/p15.mp3
eleven_v3,Zack,DSyEP4HEaCKur8rFFOri,p16,小狐狸沿著月光照亮的小路，慢慢走回山上的家。牠把白天撿到的松果放在窗邊，輕輕地說了一聲晚安。遠處的森林安靜下來，只剩風吹過樹葉的聲音。,518.576,5523.65,17.632625,True,https://jefflai108.github.io/tts/audio/v3-benchmark-2026-09-25/eleven_v3/zack/p16.mp3
eleven_v3,Zack,DSyEP4HEaCKur8rFFOri,p17,清晨的市場才剛開門，空氣裡已經飄著熱豆漿和煎蘿蔔糕的香味。攤販一邊整理蔬菜，一邊和熟客打招呼，讓還沒完全醒來的街道慢慢熱鬧起來。,652.372,5666.152,14.106063,True,https://jefflai108.github.io/tts/audio/v3-benchmark-2026-09-25/eleven_v3/zack/p17.mp3
eleven_v3,Zack,DSyEP4HEaCKur8rFFOri,p18,"我們抵達海拔2,350公尺的觀景台時，溫度只有攝氏12度。雖然一路走得有點喘，但看到雲海從山谷裡慢慢升起，大家都覺得這趟來得很值得。",644.267,5590.211,15.960813,True,https://jefflai108.github.io/tts/audio/v3-benchmark-2026-09-25/eleven_v3/zack/p18.mp3
eleven_v3,Zack,DSyEP4HEaCKur8rFFOri,p19,你可以把語音串流想像成水龍頭。聲音一小段一小段送過來，播放器收到之後就能開始播放。不必等到整段內容都準備好了，才聽得到第一句話。,692.252,5629.053,14.106063,True,https://jefflai108.github.io/tts/audio/v3-benchmark-2026-09-25/eleven_v3/zack/p19.mp3
eleven_v3,Zack,DSyEP4HEaCKur8rFFOri,p20,有時候，進步不是把每一天都排得滿滿的，而是願意留一點空白，聽聽自己真正需要什麼。走得慢一點沒有關係，只要那個方向，仍然是你想去的地方。,904.101,5572.743,14.367313,True,https://jefflai108.github.io/tts/audio/v3-benchmark-2026-09-25/eleven_v3/zack/p20.mp3
eleven_v3_conversational,Anna Su 2,r6qgCCGI7RWKXCagm158,p01,好久不見，你最近過得怎麼樣？我剛好在附近買咖啡，要不要找個地方坐一下，慢慢聊聊近況？,252.056,2641.85,9.560813,True,https://jefflai108.github.io/tts/audio/v3-benchmark-2026-09-25/eleven_v3_conversational/anna-su-2/p01.mp3
eleven_v3_conversational,Anna Su 2,r6qgCCGI7RWKXCagm158,p02,老闆，麻煩給我兩份蛋餅，一份不要加辣，另一份多一點醬油。飲料都要無糖豆漿，等一下我再過來拿，謝謝。,236.13,2618.968,10.919125,True,https://jefflai108.github.io/tts/audio/v3-benchmark-2026-09-25/eleven_v3_conversational/anna-su-2/p02.mp3
eleven_v3_conversational,Anna Su 2,r6qgCCGI7RWKXCagm158,p03,外面看起來快下雨了，你出門記得帶傘。薄外套也拿一件，晚上可能會有點涼。到家之後傳個訊息給我，我才不會擔心。,255.738,2696.818,11.46775,True,https://jefflai108.github.io/tts/audio/v3-benchmark-2026-09-25/eleven_v3_conversational/anna-su-2/p03.mp3
eleven_v3_conversational,Anna Su 2,r6qgCCGI7RWKXCagm158,p04,這個週末如果天氣不錯，我們就搭捷運去淡水，沿著河邊慢慢散步，再找一家可以看夕陽的咖啡店坐到傍晚。,264.26,2689.871,9.952625,True,https://jefflai108.github.io/tts/audio/v3-benchmark-2026-09-25/eleven_v3_conversational/anna-su-2/p04.mp3
eleven_v3_conversational,Anna Su 2,r6qgCCGI7RWKXCagm158,p05,你從捷運站二號出口出來，先往右邊走。看到便利商店之後，在下一個路口左轉。那間店就在巷子底，有一扇深綠色的門。,311.073,2829.729,12.930563,True,https://jefflai108.github.io/tts/audio/v3-benchmark-2026-09-25/eleven_v3_conversational/anna-su-2/p05.mp3
eleven_v3_conversational,Anna Su 2,r6qgCCGI7RWKXCagm158,p06,"這筆訂單原價是1,280元，使用九折優惠後，一共是1,152元。你可以用信用卡或行動支付，付款完成後會收到電子發票。",289.344,3412.952,13.400813,True,https://jefflai108.github.io/tts/audio/v3-benchmark-2026-09-25/eleven_v3_conversational/anna-su-2/p06.mp3
eleven_v3_conversational,Anna Su 2,r6qgCCGI7RWKXCagm158,p07,活動訂在10月3日14:30開始，地點是台北車站附近的會議中心。建議你提前十五分鐘到場，這樣就有時間報到，順便找個喜歡的位子。,253.077,3614.011,14.524063,True,https://jefflai108.github.io/tts/audio/v3-benchmark-2026-09-25/eleven_v3_conversational/anna-su-2/p07.mp3
eleven_v3_conversational,Anna Su 2,r6qgCCGI7RWKXCagm158,p08,我把新的demo放到GitHub了，你有空可以幫我看看。這次主要調整了介面和語音播放，手機上用Safari或Chrome都能直接打開。,238.528,3071.656,12.199125,True,https://jefflai108.github.io/tts/audio/v3-benchmark-2026-09-25/eleven_v3_conversational/anna-su-2/p08.mp3
eleven_v3_conversational,Anna Su 2,r6qgCCGI7RWKXCagm158,p09,我們先確認一下Wi-Fi有沒有連上。你可以試著重新整理網頁，或是把App關掉再打開。如果還是不行，跟我說畫面上出現了什麼訊息。,255.65,3194.935,12.591,True,https://jefflai108.github.io/tts/audio/v3-benchmark-2026-09-25/eleven_v3_conversational/anna-su-2/p09.mp3
eleven_v3_conversational,Anna Su 2,r6qgCCGI7RWKXCagm158,p10,今天真的辛苦你了，事情沒有照計畫進行，也不代表你做得不好。我們先休息一下，等心情比較平靜，再一起想下一步怎麼走。,270.284,2974.499,11.311,True,https://jefflai108.github.io/tts/audio/v3-benchmark-2026-09-25/eleven_v3_conversational/anna-su-2/p10.mp3
eleven_v3_conversational,Anna Su 2,r6qgCCGI7RWKXCagm158,p11,太好了，我們終於訂到那間一直想去的餐廳了！我已經開始期待他們的招牌甜點，你可別在出門前就把肚子吃飽喔。,245.054,2688.207,10.762438,True,https://jefflai108.github.io/tts/audio/v3-benchmark-2026-09-25/eleven_v3_conversational/anna-su-2/p11.mp3
eleven_v3_conversational,Anna Su 2,r6qgCCGI7RWKXCagm158,p12,謝謝你特地邀請我，不過那天我已經有其他安排，這次可能沒辦法參加。下次如果還有機會，記得再找我，我也很想跟大家聚一聚。,282.516,2663.165,11.650563,True,https://jefflai108.github.io/tts/audio/v3-benchmark-2026-09-25/eleven_v3_conversational/anna-su-2/p12.mp3
eleven_v3_conversational,Anna Su 2,r6qgCCGI7RWKXCagm158,p13,不好意思，讓你等這麼久。剛才路上有點塞車，我應該早一點出門的。你想喝什麼，我請你，就當作是我的小小賠罪。,258.156,2987.616,10.9975,True,https://jefflai108.github.io/tts/audio/v3-benchmark-2026-09-25/eleven_v3_conversational/anna-su-2/p13.mp3
eleven_v3_conversational,Anna Su 2,r6qgCCGI7RWKXCagm158,p14,你有沒有想過，為什麼有些歌只要聽到前奏，就會立刻想起某一段回憶？明明已經過了好多年，那個畫面卻還是清楚得像昨天一樣。,292.053,3155.407,12.512625,True,https://jefflai108.github.io/tts/audio/v3-benchmark-2026-09-25/eleven_v3_conversational/anna-su-2/p14.mp3
eleven_v3_conversational,Anna Su 2,r6qgCCGI7RWKXCagm158,p15,我昨天很有決心地告訴自己，今天一定要早點睡，結果半夜還站在冰箱前面，認真思考剩下那塊蛋糕到底算不算宵夜。,245.54,3074.215,11.964063,True,https://jefflai108.github.io/tts/audio/v3-benchmark-2026-09-25/eleven_v3_conversational/anna-su-2/p15.mp3
eleven_v3_conversational,Anna Su 2,r6qgCCGI7RWKXCagm158,p16,小狐狸沿著月光照亮的小路，慢慢走回山上的家。牠把白天撿到的松果放在窗邊，輕輕地說了一聲晚安。遠處的森林安靜下來，只剩風吹過樹葉的聲音。,271.895,4118.102,17.946063,True,https://jefflai108.github.io/tts/audio/v3-benchmark-2026-09-25/eleven_v3_conversational/anna-su-2/p16.mp3
eleven_v3_conversational,Anna Su 2,r6qgCCGI7RWKXCagm158,p17,清晨的市場才剛開門，空氣裡已經飄著熱豆漿和煎蘿蔔糕的香味。攤販一邊整理蔬菜，一邊和熟客打招呼，讓還沒完全醒來的街道慢慢熱鬧起來。,262.956,3983.709,15.568938,True,https://jefflai108.github.io/tts/audio/v3-benchmark-2026-09-25/eleven_v3_conversational/anna-su-2/p17.mp3
eleven_v3_conversational,Anna Su 2,r6qgCCGI7RWKXCagm158,p18,"我們抵達海拔2,350公尺的觀景台時，溫度只有攝氏12度。雖然一路走得有點喘，但看到雲海從山谷裡慢慢升起，大家都覺得這趟來得很值得。",252.241,3838.275,16.27425,True,https://jefflai108.github.io/tts/audio/v3-benchmark-2026-09-25/eleven_v3_conversational/anna-su-2/p18.mp3
eleven_v3_conversational,Anna Su 2,r6qgCCGI7RWKXCagm158,p19,你可以把語音串流想像成水龍頭。聲音一小段一小段送過來，播放器收到之後就能開始播放。不必等到整段內容都準備好了，才聽得到第一句話。,277.909,4075.384,14.99425,True,https://jefflai108.github.io/tts/audio/v3-benchmark-2026-09-25/eleven_v3_conversational/anna-su-2/p19.mp3
eleven_v3_conversational,Anna Su 2,r6qgCCGI7RWKXCagm158,p20,有時候，進步不是把每一天都排得滿滿的，而是願意留一點空白，聽聽自己真正需要什麼。走得慢一點沒有關係，只要那個方向，仍然是你想去的地方。,234.703,4389.608,16.27425,True,https://jefflai108.github.io/tts/audio/v3-benchmark-2026-09-25/eleven_v3_conversational/anna-su-2/p20.mp3
eleven_v3_conversational,Anna Su,9lHjugDhwqoxA5MhX0az,p01,好久不見，你最近過得怎麼樣？我剛好在附近買咖啡，要不要找個地方坐一下，慢慢聊聊近況？,328.581,2811.252,8.59425,True,https://jefflai108.github.io/tts/audio/v3-benchmark-2026-09-25/eleven_v3_conversational/anna-su/p01.mp3
eleven_v3_conversational,Anna Su,9lHjugDhwqoxA5MhX0az,p02,老闆，麻煩給我兩份蛋餅，一份不要加辣，另一份多一點醬油。飲料都要無糖豆漿，等一下我再過來拿，謝謝。,232.263,2984.719,11.885688,True,https://jefflai108.github.io/tts/audio/v3-benchmark-2026-09-25/eleven_v3_conversational/anna-su/p02.mp3
eleven_v3_conversational,Anna Su,9lHjugDhwqoxA5MhX0az,p03,外面看起來快下雨了，你出門記得帶傘。薄外套也拿一件，晚上可能會有點涼。到家之後傳個訊息給我，我才不會擔心。,314.929,2934.74,11.546063,True,https://jefflai108.github.io/tts/audio/v3-benchmark-2026-09-25/eleven_v3_conversational/anna-su/p03.mp3
eleven_v3_conversational,Anna Su,9lHjugDhwqoxA5MhX0az,p04,這個週末如果天氣不錯，我們就搭捷運去淡水，沿著河邊慢慢散步，再找一家可以看夕陽的咖啡店坐到傍晚。,262.441,2892.187,9.87425,True,https://jefflai108.github.io/tts/audio/v3-benchmark-2026-09-25/eleven_v3_conversational/anna-su/p04.mp3
eleven_v3_conversational,Anna Su,9lHjugDhwqoxA5MhX0az,p05,你從捷運站二號出口出來，先往右邊走。看到便利商店之後，在下一個路口左轉。那間店就在巷子底，有一扇深綠色的門。,317.141,3461.07,13.087313,True,https://jefflai108.github.io/tts/audio/v3-benchmark-2026-09-25/eleven_v3_conversational/anna-su/p05.mp3
eleven_v3_conversational,Anna Su,9lHjugDhwqoxA5MhX0az,p06,"這筆訂單原價是1,280元，使用九折優惠後，一共是1,152元。你可以用信用卡或行動支付，付款完成後會收到電子發票。",321.788,3918.253,14.106063,True,https://jefflai108.github.io/tts/audio/v3-benchmark-2026-09-25/eleven_v3_conversational/anna-su/p06.mp3
eleven_v3_conversational,Anna Su,9lHjugDhwqoxA5MhX0az,p07,活動訂在10月3日14:30開始，地點是台北車站附近的會議中心。建議你提前十五分鐘到場，這樣就有時間報到，順便找個喜歡的位子。,234.156,3301.359,13.5575,True,https://jefflai108.github.io/tts/audio/v3-benchmark-2026-09-25/eleven_v3_conversational/anna-su/p07.mp3
eleven_v3_conversational,Anna Su,9lHjugDhwqoxA5MhX0az,p08,我把新的demo放到GitHub了，你有空可以幫我看看。這次主要調整了介面和語音播放，手機上用Safari或Chrome都能直接打開。,333.218,2778.169,11.311,True,https://jefflai108.github.io/tts/audio/v3-benchmark-2026-09-25/eleven_v3_conversational/anna-su/p08.mp3
eleven_v3_conversational,Anna Su,9lHjugDhwqoxA5MhX0az,p09,我們先確認一下Wi-Fi有沒有連上。你可以試著重新整理網頁，或是把App關掉再打開。如果還是不行，跟我說畫面上出現了什麼訊息。,281.46,3330.475,12.43425,True,https://jefflai108.github.io/tts/audio/v3-benchmark-2026-09-25/eleven_v3_conversational/anna-su/p09.mp3
eleven_v3_conversational,Anna Su,9lHjugDhwqoxA5MhX0az,p10,今天真的辛苦你了，事情沒有照計畫進行，也不代表你做得不好。我們先休息一下，等心情比較平靜，再一起想下一步怎麼走。,287.276,3258.753,11.389375,True,https://jefflai108.github.io/tts/audio/v3-benchmark-2026-09-25/eleven_v3_conversational/anna-su/p10.mp3
eleven_v3_conversational,Anna Su,9lHjugDhwqoxA5MhX0az,p11,太好了，我們終於訂到那間一直想去的餐廳了！我已經開始期待他們的招牌甜點，你可別在出門前就把肚子吃飽喔。,244.573,2859.087,10.031,True,https://jefflai108.github.io/tts/audio/v3-benchmark-2026-09-25/eleven_v3_conversational/anna-su/p11.mp3
eleven_v3_conversational,Anna Su,9lHjugDhwqoxA5MhX0az,p12,謝謝你特地邀請我，不過那天我已經有其他安排，這次可能沒辦法參加。下次如果還有機會，記得再找我，我也很想跟大家聚一聚。,279.504,3658.252,12.042438,True,https://jefflai108.github.io/tts/audio/v3-benchmark-2026-09-25/eleven_v3_conversational/anna-su/p12.mp3
eleven_v3_conversational,Anna Su,9lHjugDhwqoxA5MhX0az,p13,不好意思，讓你等這麼久。剛才路上有點塞車，我應該早一點出門的。你想喝什麼，我請你，就當作是我的小小賠罪。,257.055,3113.528,11.075875,True,https://jefflai108.github.io/tts/audio/v3-benchmark-2026-09-25/eleven_v3_conversational/anna-su/p13.mp3
eleven_v3_conversational,Anna Su,9lHjugDhwqoxA5MhX0az,p14,你有沒有想過，為什麼有些歌只要聽到前奏，就會立刻想起某一段回憶？明明已經過了好多年，那個畫面卻還是清楚得像昨天一樣。,305.636,3302.234,13.400813,True,https://jefflai108.github.io/tts/audio/v3-benchmark-2026-09-25/eleven_v3_conversational/anna-su/p14.mp3
eleven_v3_conversational,Anna Su,9lHjugDhwqoxA5MhX0az,p15,我昨天很有決心地告訴自己，今天一定要早點睡，結果半夜還站在冰箱前面，認真思考剩下那塊蛋糕到底算不算宵夜。,378.516,3545.964,11.964063,True,https://jefflai108.github.io/tts/audio/v3-benchmark-2026-09-25/eleven_v3_conversational/anna-su/p15.mp3
eleven_v3_conversational,Anna Su,9lHjugDhwqoxA5MhX0az,p16,小狐狸沿著月光照亮的小路，慢慢走回山上的家。牠把白天撿到的松果放在窗邊，輕輕地說了一聲晚安。遠處的森林安靜下來，只剩風吹過樹葉的聲音。,262.333,4210.139,17.946063,True,https://jefflai108.github.io/tts/audio/v3-benchmark-2026-09-25/eleven_v3_conversational/anna-su/p16.mp3
eleven_v3_conversational,Anna Su,9lHjugDhwqoxA5MhX0az,p17,清晨的市場才剛開門，空氣裡已經飄著熱豆漿和煎蘿蔔糕的香味。攤販一邊整理蔬菜，一邊和熟客打招呼，讓還沒完全醒來的街道慢慢熱鬧起來。,288.94,4088.895,16.770563,True,https://jefflai108.github.io/tts/audio/v3-benchmark-2026-09-25/eleven_v3_conversational/anna-su/p17.mp3
eleven_v3_conversational,Anna Su,9lHjugDhwqoxA5MhX0az,p18,"我們抵達海拔2,350公尺的觀景台時，溫度只有攝氏12度。雖然一路走得有點喘，但看到雲海從山谷裡慢慢升起，大家都覺得這趟來得很值得。",258.095,3860.943,15.072625,True,https://jefflai108.github.io/tts/audio/v3-benchmark-2026-09-25/eleven_v3_conversational/anna-su/p18.mp3
eleven_v3_conversational,Anna Su,9lHjugDhwqoxA5MhX0az,p19,你可以把語音串流想像成水龍頭。聲音一小段一小段送過來，播放器收到之後就能開始播放。不必等到整段內容都準備好了，才聽得到第一句話。,291.101,3937.581,14.759125,True,https://jefflai108.github.io/tts/audio/v3-benchmark-2026-09-25/eleven_v3_conversational/anna-su/p19.mp3
eleven_v3_conversational,Anna Su,9lHjugDhwqoxA5MhX0az,p20,有時候，進步不是把每一天都排得滿滿的，而是願意留一點空白，聽聽自己真正需要什麼。走得慢一點沒有關係，只要那個方向，仍然是你想去的地方。,234.231,3531.662,15.647313,True,https://jefflai108.github.io/tts/audio/v3-benchmark-2026-09-25/eleven_v3_conversational/anna-su/p20.mp3
eleven_v3_conversational,Chen Mandarin Chinese,4NQthjVhIGGVfL3Si000,p01,好久不見，你最近過得怎麼樣？我剛好在附近買咖啡，要不要找個地方坐一下，慢慢聊聊近況？,329.338,2077.796,7.62775,True,https://jefflai108.github.io/tts/audio/v3-benchmark-2026-09-25/eleven_v3_conversational/chen/p01.mp3
eleven_v3_conversational,Chen Mandarin Chinese,4NQthjVhIGGVfL3Si000,p02,老闆，麻煩給我兩份蛋餅，一份不要加辣，另一份多一點醬油。飲料都要無糖豆漿，等一下我再過來拿，謝謝。,308.283,2927.92,11.885688,True,https://jefflai108.github.io/tts/audio/v3-benchmark-2026-09-25/eleven_v3_conversational/chen/p02.mp3
eleven_v3_conversational,Chen Mandarin Chinese,4NQthjVhIGGVfL3Si000,p03,外面看起來快下雨了，你出門記得帶傘。薄外套也拿一件，晚上可能會有點涼。到家之後傳個訊息給我，我才不會擔心。,325.437,2956.598,10.684063,True,https://jefflai108.github.io/tts/audio/v3-benchmark-2026-09-25/eleven_v3_conversational/chen/p03.mp3
eleven_v3_conversational,Chen Mandarin Chinese,4NQthjVhIGGVfL3Si000,p04,這個週末如果天氣不錯，我們就搭捷運去淡水，沿著河邊慢慢散步，再找一家可以看夕陽的咖啡店坐到傍晚。,286.152,3251.179,10.266063,True,https://jefflai108.github.io/tts/audio/v3-benchmark-2026-09-25/eleven_v3_conversational/chen/p04.mp3
eleven_v3_conversational,Chen Mandarin Chinese,4NQthjVhIGGVfL3Si000,p05,你從捷運站二號出口出來，先往右邊走。看到便利商店之後，在下一個路口左轉。那間店就在巷子底，有一扇深綠色的門。,277.34,3116.044,12.591,True,https://jefflai108.github.io/tts/audio/v3-benchmark-2026-09-25/eleven_v3_conversational/chen/p05.mp3
eleven_v3_conversational,Chen Mandarin Chinese,4NQthjVhIGGVfL3Si000,p06,"這筆訂單原價是1,280元，使用九折優惠後，一共是1,152元。你可以用信用卡或行動支付，付款完成後會收到電子發票。",334.723,3323.232,12.74775,True,https://jefflai108.github.io/tts/audio/v3-benchmark-2026-09-25/eleven_v3_conversational/chen/p06.mp3
eleven_v3_conversational,Chen Mandarin Chinese,4NQthjVhIGGVfL3Si000,p07,活動訂在10月3日14:30開始，地點是台北車站附近的會議中心。建議你提前十五分鐘到場，這樣就有時間報到，順便找個喜歡的位子。,222.773,3482.535,13.5575,True,https://jefflai108.github.io/tts/audio/v3-benchmark-2026-09-25/eleven_v3_conversational/chen/p07.mp3
eleven_v3_conversational,Chen Mandarin Chinese,4NQthjVhIGGVfL3Si000,p08,我把新的demo放到GitHub了，你有空可以幫我看看。這次主要調整了介面和語音播放，手機上用Safari或Chrome都能直接打開。,281.594,2830.251,11.650563,True,https://jefflai108.github.io/tts/audio/v3-benchmark-2026-09-25/eleven_v3_conversational/chen/p08.mp3
eleven_v3_conversational,Chen Mandarin Chinese,4NQthjVhIGGVfL3Si000,p09,我們先確認一下Wi-Fi有沒有連上。你可以試著重新整理網頁，或是把App關掉再打開。如果還是不行，跟我說畫面上出現了什麼訊息。,310.232,3662.573,12.74775,True,https://jefflai108.github.io/tts/audio/v3-benchmark-2026-09-25/eleven_v3_conversational/chen/p09.mp3
eleven_v3_conversational,Chen Mandarin Chinese,4NQthjVhIGGVfL3Si000,p10,今天真的辛苦你了，事情沒有照計畫進行，也不代表你做得不好。我們先休息一下，等心情比較平靜，再一起想下一步怎麼走。,237.914,2730.164,11.311,True,https://jefflai108.github.io/tts/audio/v3-benchmark-2026-09-25/eleven_v3_conversational/chen/p10.mp3
eleven_v3_conversational,Chen Mandarin Chinese,4NQthjVhIGGVfL3Si000,p11,太好了，我們終於訂到那間一直想去的餐廳了！我已經開始期待他們的招牌甜點，你可別在出門前就把肚子吃飽喔。,315.402,2835.883,10.527313,True,https://jefflai108.github.io/tts/audio/v3-benchmark-2026-09-25/eleven_v3_conversational/chen/p11.mp3
eleven_v3_conversational,Chen Mandarin Chinese,4NQthjVhIGGVfL3Si000,p12,謝謝你特地邀請我，不過那天我已經有其他安排，這次可能沒辦法參加。下次如果還有機會，記得再找我，我也很想跟大家聚一聚。,267.588,3070.822,11.728938,True,https://jefflai108.github.io/tts/audio/v3-benchmark-2026-09-25/eleven_v3_conversational/chen/p12.mp3
eleven_v3_conversational,Chen Mandarin Chinese,4NQthjVhIGGVfL3Si000,p13,不好意思，讓你等這麼久。剛才路上有點塞車，我應該早一點出門的。你想喝什麼，我請你，就當作是我的小小賠罪。,287.722,2946.908,10.919125,True,https://jefflai108.github.io/tts/audio/v3-benchmark-2026-09-25/eleven_v3_conversational/chen/p13.mp3
eleven_v3_conversational,Chen Mandarin Chinese,4NQthjVhIGGVfL3Si000,p14,你有沒有想過，為什麼有些歌只要聽到前奏，就會立刻想起某一段回憶？明明已經過了好多年，那個畫面卻還是清楚得像昨天一樣。,318.626,3575.284,11.807313,True,https://jefflai108.github.io/tts/audio/v3-benchmark-2026-09-25/eleven_v3_conversational/chen/p14.mp3
eleven_v3_conversational,Chen Mandarin Chinese,4NQthjVhIGGVfL3Si000,p15,我昨天很有決心地告訴自己，今天一定要早點睡，結果半夜還站在冰箱前面，認真思考剩下那塊蛋糕到底算不算宵夜。,282.229,2665.726,10.840813,True,https://jefflai108.github.io/tts/audio/v3-benchmark-2026-09-25/eleven_v3_conversational/chen/p15.mp3
eleven_v3_conversational,Chen Mandarin Chinese,4NQthjVhIGGVfL3Si000,p16,小狐狸沿著月光照亮的小路，慢慢走回山上的家。牠把白天撿到的松果放在窗邊，輕輕地說了一聲晚安。遠處的森林安靜下來，只剩風吹過樹葉的聲音。,298.427,4500.675,18.285688,True,https://jefflai108.github.io/tts/audio/v3-benchmark-2026-09-25/eleven_v3_conversational/chen/p16.mp3
eleven_v3_conversational,Chen Mandarin Chinese,4NQthjVhIGGVfL3Si000,p17,清晨的市場才剛開門，空氣裡已經飄著熱豆漿和煎蘿蔔糕的香味。攤販一邊整理蔬菜，一邊和熟客打招呼，讓還沒完全醒來的街道慢慢熱鬧起來。,303.373,4224.666,15.30775,True,https://jefflai108.github.io/tts/audio/v3-benchmark-2026-09-25/eleven_v3_conversational/chen/p17.mp3
eleven_v3_conversational,Chen Mandarin Chinese,4NQthjVhIGGVfL3Si000,p18,"我們抵達海拔2,350公尺的觀景台時，溫度只有攝氏12度。雖然一路走得有點喘，但看到雲海從山谷裡慢慢升起，大家都覺得這趟來得很值得。",268.092,4157.097,15.151,True,https://jefflai108.github.io/tts/audio/v3-benchmark-2026-09-25/eleven_v3_conversational/chen/p18.mp3
eleven_v3_conversational,Chen Mandarin Chinese,4NQthjVhIGGVfL3Si000,p19,你可以把語音串流想像成水龍頭。聲音一小段一小段送過來，播放器收到之後就能開始播放。不必等到整段內容都準備好了，才聽得到第一句話。,321.33,3237.755,13.165688,True,https://jefflai108.github.io/tts/audio/v3-benchmark-2026-09-25/eleven_v3_conversational/chen/p19.mp3
eleven_v3_conversational,Chen Mandarin Chinese,4NQthjVhIGGVfL3Si000,p20,有時候，進步不是把每一天都排得滿滿的，而是願意留一點空白，聽聽自己真正需要什麼。走得慢一點沒有關係，只要那個方向，仍然是你想去的地方。,277.122,4012.593,14.02775,True,https://jefflai108.github.io/tts/audio/v3-benchmark-2026-09-25/eleven_v3_conversational/chen/p20.mp3
eleven_v3_conversational,Hua,SoLCar3sKHqXqvJc7jmm,p01,好久不見，你最近過得怎麼樣？我剛好在附近買咖啡，要不要找個地方坐一下，慢慢聊聊近況？,252.956,2563.178,9.090563,True,https://jefflai108.github.io/tts/audio/v3-benchmark-2026-09-25/eleven_v3_conversational/hua/p01.mp3
eleven_v3_conversational,Hua,SoLCar3sKHqXqvJc7jmm,p02,老闆，麻煩給我兩份蛋餅，一份不要加辣，另一份多一點醬油。飲料都要無糖豆漿，等一下我再過來拿，謝謝。,245.162,2942.64,9.795875,True,https://jefflai108.github.io/tts/audio/v3-benchmark-2026-09-25/eleven_v3_conversational/hua/p02.mp3
eleven_v3_conversational,Hua,SoLCar3sKHqXqvJc7jmm,p03,外面看起來快下雨了，你出門記得帶傘。薄外套也拿一件，晚上可能會有點涼。到家之後傳個訊息給我，我才不會擔心。,288.575,3043.412,10.605688,True,https://jefflai108.github.io/tts/audio/v3-benchmark-2026-09-25/eleven_v3_conversational/hua/p03.mp3
eleven_v3_conversational,Hua,SoLCar3sKHqXqvJc7jmm,p04,這個週末如果天氣不錯，我們就搭捷運去淡水，沿著河邊慢慢散步，再找一家可以看夕陽的咖啡店坐到傍晚。,252.86,2355.68,9.247313,True,https://jefflai108.github.io/tts/audio/v3-benchmark-2026-09-25/eleven_v3_conversational/hua/p04.mp3
eleven_v3_conversational,Hua,SoLCar3sKHqXqvJc7jmm,p05,你從捷運站二號出口出來，先往右邊走。看到便利商店之後，在下一個路口左轉。那間店就在巷子底，有一扇深綠色的門。,357.878,3207.929,10.919125,True,https://jefflai108.github.io/tts/audio/v3-benchmark-2026-09-25/eleven_v3_conversational/hua/p05.mp3
eleven_v3_conversational,Hua,SoLCar3sKHqXqvJc7jmm,p06,"這筆訂單原價是1,280元，使用九折優惠後，一共是1,152元。你可以用信用卡或行動支付，付款完成後會收到電子發票。",364.122,2988.331,12.2775,True,https://jefflai108.github.io/tts/audio/v3-benchmark-2026-09-25/eleven_v3_conversational/hua/p06.mp3
eleven_v3_conversational,Hua,SoLCar3sKHqXqvJc7jmm,p07,活動訂在10月3日14:30開始，地點是台北車站附近的會議中心。建議你提前十五分鐘到場，這樣就有時間報到，順便找個喜歡的位子。,249.869,3804.458,14.210563,True,https://jefflai108.github.io/tts/audio/v3-benchmark-2026-09-25/eleven_v3_conversational/hua/p07.mp3
eleven_v3_conversational,Hua,SoLCar3sKHqXqvJc7jmm,p08,我把新的demo放到GitHub了，你有空可以幫我看看。這次主要調整了介面和語音播放，手機上用Safari或Chrome都能直接打開。,378.106,3222.547,11.232625,True,https://jefflai108.github.io/tts/audio/v3-benchmark-2026-09-25/eleven_v3_conversational/hua/p08.mp3
eleven_v3_conversational,Hua,SoLCar3sKHqXqvJc7jmm,p09,我們先確認一下Wi-Fi有沒有連上。你可以試著重新整理網頁，或是把App關掉再打開。如果還是不行，跟我說畫面上出現了什麼訊息。,267.248,3093.934,13.165688,True,https://jefflai108.github.io/tts/audio/v3-benchmark-2026-09-25/eleven_v3_conversational/hua/p09.mp3
eleven_v3_conversational,Hua,SoLCar3sKHqXqvJc7jmm,p10,今天真的辛苦你了，事情沒有照計畫進行，也不代表你做得不好。我們先休息一下，等心情比較平靜，再一起想下一步怎麼走。,218.084,2283.781,10.684063,True,https://jefflai108.github.io/tts/audio/v3-benchmark-2026-09-25/eleven_v3_conversational/hua/p10.mp3
eleven_v3_conversational,Hua,SoLCar3sKHqXqvJc7jmm,p11,太好了，我們終於訂到那間一直想去的餐廳了！我已經開始期待他們的招牌甜點，你可別在出門前就把肚子吃飽喔。,239.805,2967.149,9.952625,True,https://jefflai108.github.io/tts/audio/v3-benchmark-2026-09-25/eleven_v3_conversational/hua/p11.mp3
eleven_v3_conversational,Hua,SoLCar3sKHqXqvJc7jmm,p12,謝謝你特地邀請我，不過那天我已經有其他安排，這次可能沒辦法參加。下次如果還有機會，記得再找我，我也很想跟大家聚一聚。,287.758,3193.452,12.2775,True,https://jefflai108.github.io/tts/audio/v3-benchmark-2026-09-25/eleven_v3_conversational/hua/p12.mp3
eleven_v3_conversational,Hua,SoLCar3sKHqXqvJc7jmm,p13,不好意思，讓你等這麼久。剛才路上有點塞車，我應該早一點出門的。你想喝什麼，我請你，就當作是我的小小賠罪。,321.095,3133.809,10.840813,True,https://jefflai108.github.io/tts/audio/v3-benchmark-2026-09-25/eleven_v3_conversational/hua/p13.mp3
eleven_v3_conversational,Hua,SoLCar3sKHqXqvJc7jmm,p14,你有沒有想過，為什麼有些歌只要聽到前奏，就會立刻想起某一段回憶？明明已經過了好多年，那個畫面卻還是清楚得像昨天一樣。,253.504,2880.115,9.87425,True,https://jefflai108.github.io/tts/audio/v3-benchmark-2026-09-25/eleven_v3_conversational/hua/p14.mp3
eleven_v3_conversational,Hua,SoLCar3sKHqXqvJc7jmm,p15,我昨天很有決心地告訴自己，今天一定要早點睡，結果半夜還站在冰箱前面，認真思考剩下那塊蛋糕到底算不算宵夜。,466.842,3412.206,11.650563,True,https://jefflai108.github.io/tts/audio/v3-benchmark-2026-09-25/eleven_v3_conversational/hua/p15.mp3
eleven_v3_conversational,Hua,SoLCar3sKHqXqvJc7jmm,p16,小狐狸沿著月光照亮的小路，慢慢走回山上的家。牠把白天撿到的松果放在窗邊，輕輕地說了一聲晚安。遠處的森林安靜下來，只剩風吹過樹葉的聲音。,341.006,4700.399,17.084063,True,https://jefflai108.github.io/tts/audio/v3-benchmark-2026-09-25/eleven_v3_conversational/hua/p16.mp3
eleven_v3_conversational,Hua,SoLCar3sKHqXqvJc7jmm,p17,清晨的市場才剛開門，空氣裡已經飄著熱豆漿和煎蘿蔔糕的香味。攤販一邊整理蔬菜，一邊和熟客打招呼，讓還沒完全醒來的街道慢慢熱鬧起來。,278.365,4109.568,15.725688,True,https://jefflai108.github.io/tts/audio/v3-benchmark-2026-09-25/eleven_v3_conversational/hua/p17.mp3
eleven_v3_conversational,Hua,SoLCar3sKHqXqvJc7jmm,p18,"我們抵達海拔2,350公尺的觀景台時，溫度只有攝氏12度。雖然一路走得有點喘，但看到雲海從山谷裡慢慢升起，大家都覺得這趟來得很值得。",256.88,3920.046,14.602438,True,https://jefflai108.github.io/tts/audio/v3-benchmark-2026-09-25/eleven_v3_conversational/hua/p18.mp3
eleven_v3_conversational,Hua,SoLCar3sKHqXqvJc7jmm,p19,你可以把語音串流想像成水龍頭。聲音一小段一小段送過來，播放器收到之後就能開始播放。不必等到整段內容都準備好了，才聽得到第一句話。,292.199,3616.739,13.165688,True,https://jefflai108.github.io/tts/audio/v3-benchmark-2026-09-25/eleven_v3_conversational/hua/p19.mp3
eleven_v3_conversational,Hua,SoLCar3sKHqXqvJc7jmm,p20,有時候，進步不是把每一天都排得滿滿的，而是願意留一點空白，聽聽自己真正需要什麼。走得慢一點沒有關係，只要那個方向，仍然是你想去的地方。,460.789,3957.51,13.244063,True,https://jefflai108.github.io/tts/audio/v3-benchmark-2026-09-25/eleven_v3_conversational/hua/p20.mp3
eleven_v3_conversational,Tiffy,1AKkSX7KMPHIWuz76m0n,p01,好久不見，你最近過得怎麼樣？我剛好在附近買咖啡，要不要找個地方坐一下，慢慢聊聊近況？,260.865,2450.593,9.87425,True,https://jefflai108.github.io/tts/audio/v3-benchmark-2026-09-25/eleven_v3_conversational/tiffy/p01.mp3
eleven_v3_conversational,Tiffy,1AKkSX7KMPHIWuz76m0n,p02,老闆，麻煩給我兩份蛋餅，一份不要加辣，另一份多一點醬油。飲料都要無糖豆漿，等一下我再過來拿，謝謝。,292.636,2633.138,10.18775,True,https://jefflai108.github.io/tts/audio/v3-benchmark-2026-09-25/eleven_v3_conversational/tiffy/p02.mp3
eleven_v3_conversational,Tiffy,1AKkSX7KMPHIWuz76m0n,p03,外面看起來快下雨了，你出門記得帶傘。薄外套也拿一件，晚上可能會有點涼。到家之後傳個訊息給我，我才不會擔心。,280.719,2851.442,10.266063,True,https://jefflai108.github.io/tts/audio/v3-benchmark-2026-09-25/eleven_v3_conversational/tiffy/p03.mp3
eleven_v3_conversational,Tiffy,1AKkSX7KMPHIWuz76m0n,p04,這個週末如果天氣不錯，我們就搭捷運去淡水，沿著河邊慢慢散步，再找一家可以看夕陽的咖啡店坐到傍晚。,285.858,2560.324,9.168938,True,https://jefflai108.github.io/tts/audio/v3-benchmark-2026-09-25/eleven_v3_conversational/tiffy/p04.mp3
eleven_v3_conversational,Tiffy,1AKkSX7KMPHIWuz76m0n,p05,你從捷運站二號出口出來，先往右邊走。看到便利商店之後，在下一個路口左轉。那間店就在巷子底，有一扇深綠色的門。,231.49,2780.219,11.46775,True,https://jefflai108.github.io/tts/audio/v3-benchmark-2026-09-25/eleven_v3_conversational/tiffy/p05.mp3
eleven_v3_conversational,Tiffy,1AKkSX7KMPHIWuz76m0n,p06,"這筆訂單原價是1,280元，使用九折優惠後，一共是1,152元。你可以用信用卡或行動支付，付款完成後會收到電子發票。",276.396,3247.468,12.930563,True,https://jefflai108.github.io/tts/audio/v3-benchmark-2026-09-25/eleven_v3_conversational/tiffy/p06.mp3
eleven_v3_conversational,Tiffy,1AKkSX7KMPHIWuz76m0n,p07,活動訂在10月3日14:30開始，地點是台北車站附近的會議中心。建議你提前十五分鐘到場，這樣就有時間報到，順便找個喜歡的位子。,220.66,3288.683,14.445688,True,https://jefflai108.github.io/tts/audio/v3-benchmark-2026-09-25/eleven_v3_conversational/tiffy/p07.mp3
eleven_v3_conversational,Tiffy,1AKkSX7KMPHIWuz76m0n,p08,我把新的demo放到GitHub了，你有空可以幫我看看。這次主要調整了介面和語音播放，手機上用Safari或Chrome都能直接打開。,350.615,2825.702,10.9975,True,https://jefflai108.github.io/tts/audio/v3-benchmark-2026-09-25/eleven_v3_conversational/tiffy/p08.mp3
eleven_v3_conversational,Tiffy,1AKkSX7KMPHIWuz76m0n,p09,我們先確認一下Wi-Fi有沒有連上。你可以試著重新整理網頁，或是把App關掉再打開。如果還是不行，跟我說畫面上出現了什麼訊息。,280.506,3166.351,12.355875,True,https://jefflai108.github.io/tts/audio/v3-benchmark-2026-09-25/eleven_v3_conversational/tiffy/p09.mp3
eleven_v3_conversational,Tiffy,1AKkSX7KMPHIWuz76m0n,p10,今天真的辛苦你了，事情沒有照計畫進行，也不代表你做得不好。我們先休息一下，等心情比較平靜，再一起想下一步怎麼走。,277.261,2954.654,11.232625,True,https://jefflai108.github.io/tts/audio/v3-benchmark-2026-09-25/eleven_v3_conversational/tiffy/p10.mp3
eleven_v3_conversational,Tiffy,1AKkSX7KMPHIWuz76m0n,p11,太好了，我們終於訂到那間一直想去的餐廳了！我已經開始期待他們的招牌甜點，你可別在出門前就把肚子吃飽喔。,325.48,2960.704,10.266063,True,https://jefflai108.github.io/tts/audio/v3-benchmark-2026-09-25/eleven_v3_conversational/tiffy/p11.mp3
eleven_v3_conversational,Tiffy,1AKkSX7KMPHIWuz76m0n,p12,謝謝你特地邀請我，不過那天我已經有其他安排，這次可能沒辦法參加。下次如果還有機會，記得再找我，我也很想跟大家聚一聚。,280.696,3463.165,12.355875,True,https://jefflai108.github.io/tts/audio/v3-benchmark-2026-09-25/eleven_v3_conversational/tiffy/p12.mp3
eleven_v3_conversational,Tiffy,1AKkSX7KMPHIWuz76m0n,p13,不好意思，讓你等這麼久。剛才路上有點塞車，我應該早一點出門的。你想喝什麼，我請你，就當作是我的小小賠罪。,325.983,2942.381,10.370563,True,https://jefflai108.github.io/tts/audio/v3-benchmark-2026-09-25/eleven_v3_conversational/tiffy/p13.mp3
eleven_v3_conversational,Tiffy,1AKkSX7KMPHIWuz76m0n,p14,你有沒有想過，為什麼有些歌只要聽到前奏，就會立刻想起某一段回憶？明明已經過了好多年，那個畫面卻還是清楚得像昨天一樣。,329.999,3136.539,12.042438,True,https://jefflai108.github.io/tts/audio/v3-benchmark-2026-09-25/eleven_v3_conversational/tiffy/p14.mp3
eleven_v3_conversational,Tiffy,1AKkSX7KMPHIWuz76m0n,p15,我昨天很有決心地告訴自己，今天一定要早點睡，結果半夜還站在冰箱前面，認真思考剩下那塊蛋糕到底算不算宵夜。,237.108,2924.299,10.266063,True,https://jefflai108.github.io/tts/audio/v3-benchmark-2026-09-25/eleven_v3_conversational/tiffy/p15.mp3
eleven_v3_conversational,Tiffy,1AKkSX7KMPHIWuz76m0n,p16,小狐狸沿著月光照亮的小路，慢慢走回山上的家。牠把白天撿到的松果放在窗邊，輕輕地說了一聲晚安。遠處的森林安靜下來，只剩風吹過樹葉的聲音。,313.807,4274.565,16.770563,True,https://jefflai108.github.io/tts/audio/v3-benchmark-2026-09-25/eleven_v3_conversational/tiffy/p16.mp3
eleven_v3_conversational,Tiffy,1AKkSX7KMPHIWuz76m0n,p17,清晨的市場才剛開門，空氣裡已經飄著熱豆漿和煎蘿蔔糕的香味。攤販一邊整理蔬菜，一邊和熟客打招呼，讓還沒完全醒來的街道慢慢熱鬧起來。,253.883,3918.184,15.568938,True,https://jefflai108.github.io/tts/audio/v3-benchmark-2026-09-25/eleven_v3_conversational/tiffy/p17.mp3
eleven_v3_conversational,Tiffy,1AKkSX7KMPHIWuz76m0n,p18,"我們抵達海拔2,350公尺的觀景台時，溫度只有攝氏12度。雖然一路走得有點喘，但看到雲海從山谷裡慢慢升起，大家都覺得這趟來得很值得。",251.184,4119.0,15.568938,True,https://jefflai108.github.io/tts/audio/v3-benchmark-2026-09-25/eleven_v3_conversational/tiffy/p18.mp3
eleven_v3_conversational,Tiffy,1AKkSX7KMPHIWuz76m0n,p19,你可以把語音串流想像成水龍頭。聲音一小段一小段送過來，播放器收到之後就能開始播放。不必等到整段內容都準備好了，才聽得到第一句話。,334.232,3497.101,14.210563,True,https://jefflai108.github.io/tts/audio/v3-benchmark-2026-09-25/eleven_v3_conversational/tiffy/p19.mp3
eleven_v3_conversational,Tiffy,1AKkSX7KMPHIWuz76m0n,p20,有時候，進步不是把每一天都排得滿滿的，而是願意留一點空白，聽聽自己真正需要什麼。走得慢一點沒有關係，只要那個方向，仍然是你想去的地方。,236.871,3980.222,15.490563,True,https://jefflai108.github.io/tts/audio/v3-benchmark-2026-09-25/eleven_v3_conversational/tiffy/p20.mp3
eleven_v3_conversational,Yao Yuan Wu,R55vTH9XmVSyAcM6YvtV,p01,好久不見，你最近過得怎麼樣？我剛好在附近買咖啡，要不要找個地方坐一下，慢慢聊聊近況？,300.911,2277.715,7.706063,True,https://jefflai108.github.io/tts/audio/v3-benchmark-2026-09-25/eleven_v3_conversational/yao-yuan-wu/p01.mp3
eleven_v3_conversational,Yao Yuan Wu,R55vTH9XmVSyAcM6YvtV,p02,老闆，麻煩給我兩份蛋餅，一份不要加辣，另一份多一點醬油。飲料都要無糖豆漿，等一下我再過來拿，謝謝。,256.413,2611.427,8.986063,True,https://jefflai108.github.io/tts/audio/v3-benchmark-2026-09-25/eleven_v3_conversational/yao-yuan-wu/p02.mp3
eleven_v3_conversational,Yao Yuan Wu,R55vTH9XmVSyAcM6YvtV,p03,外面看起來快下雨了，你出門記得帶傘。薄外套也拿一件，晚上可能會有點涼。到家之後傳個訊息給我，我才不會擔心。,267.635,3004.404,10.109375,True,https://jefflai108.github.io/tts/audio/v3-benchmark-2026-09-25/eleven_v3_conversational/yao-yuan-wu/p03.mp3
eleven_v3_conversational,Yao Yuan Wu,R55vTH9XmVSyAcM6YvtV,p04,這個週末如果天氣不錯，我們就搭捷運去淡水，沿著河邊慢慢散步，再找一家可以看夕陽的咖啡店坐到傍晚。,332.672,2507.69,8.59425,True,https://jefflai108.github.io/tts/audio/v3-benchmark-2026-09-25/eleven_v3_conversational/yao-yuan-wu/p04.mp3
eleven_v3_conversational,Yao Yuan Wu,R55vTH9XmVSyAcM6YvtV,p05,你從捷運站二號出口出來，先往右邊走。看到便利商店之後，在下一個路口左轉。那間店就在巷子底，有一扇深綠色的門。,264.03,2597.13,10.370563,True,https://jefflai108.github.io/tts/audio/v3-benchmark-2026-09-25/eleven_v3_conversational/yao-yuan-wu/p05.mp3
eleven_v3_conversational,Yao Yuan Wu,R55vTH9XmVSyAcM6YvtV,p06,"這筆訂單原價是1,280元，使用九折優惠後，一共是1,152元。你可以用信用卡或行動支付，付款完成後會收到電子發票。",370.871,2883.496,10.762438,True,https://jefflai108.github.io/tts/audio/v3-benchmark-2026-09-25/eleven_v3_conversational/yao-yuan-wu/p06.mp3
eleven_v3_conversational,Yao Yuan Wu,R55vTH9XmVSyAcM6YvtV,p07,活動訂在10月3日14:30開始，地點是台北車站附近的會議中心。建議你提前十五分鐘到場，這樣就有時間報到，順便找個喜歡的位子。,686.972,4103.843,12.120813,True,https://jefflai108.github.io/tts/audio/v3-benchmark-2026-09-25/eleven_v3_conversational/yao-yuan-wu/p07.mp3
eleven_v3_conversational,Yao Yuan Wu,R55vTH9XmVSyAcM6YvtV,p08,我把新的demo放到GitHub了，你有空可以幫我看看。這次主要調整了介面和語音播放，手機上用Safari或Chrome都能直接打開。,311.101,2662.107,9.952625,True,https://jefflai108.github.io/tts/audio/v3-benchmark-2026-09-25/eleven_v3_conversational/yao-yuan-wu/p08.mp3
eleven_v3_conversational,Yao Yuan Wu,R55vTH9XmVSyAcM6YvtV,p09,我們先確認一下Wi-Fi有沒有連上。你可以試著重新整理網頁，或是把App關掉再打開。如果還是不行，跟我說畫面上出現了什麼訊息。,273.7,3073.576,11.311,True,https://jefflai108.github.io/tts/audio/v3-benchmark-2026-09-25/eleven_v3_conversational/yao-yuan-wu/p09.mp3
eleven_v3_conversational,Yao Yuan Wu,R55vTH9XmVSyAcM6YvtV,p10,今天真的辛苦你了，事情沒有照計畫進行，也不代表你做得不好。我們先休息一下，等心情比較平靜，再一起想下一步怎麼走。,250.409,2564.918,10.370563,True,https://jefflai108.github.io/tts/audio/v3-benchmark-2026-09-25/eleven_v3_conversational/yao-yuan-wu/p10.mp3
eleven_v3_conversational,Yao Yuan Wu,R55vTH9XmVSyAcM6YvtV,p11,太好了，我們終於訂到那間一直想去的餐廳了！我已經開始期待他們的招牌甜點，你可別在出門前就把肚子吃飽喔。,300.053,2653.898,8.672625,True,https://jefflai108.github.io/tts/audio/v3-benchmark-2026-09-25/eleven_v3_conversational/yao-yuan-wu/p11.mp3
eleven_v3_conversational,Yao Yuan Wu,R55vTH9XmVSyAcM6YvtV,p12,謝謝你特地邀請我，不過那天我已經有其他安排，這次可能沒辦法參加。下次如果還有機會，記得再找我，我也很想跟大家聚一聚。,280.528,3067.889,11.389375,True,https://jefflai108.github.io/tts/audio/v3-benchmark-2026-09-25/eleven_v3_conversational/yao-yuan-wu/p12.mp3
eleven_v3_conversational,Yao Yuan Wu,R55vTH9XmVSyAcM6YvtV,p13,不好意思，讓你等這麼久。剛才路上有點塞車，我應該早一點出門的。你想喝什麼，我請你，就當作是我的小小賠罪。,238.101,3094.363,10.18775,True,https://jefflai108.github.io/tts/audio/v3-benchmark-2026-09-25/eleven_v3_conversational/yao-yuan-wu/p13.mp3
eleven_v3_conversational,Yao Yuan Wu,R55vTH9XmVSyAcM6YvtV,p14,你有沒有想過，為什麼有些歌只要聽到前奏，就會立刻想起某一段回憶？明明已經過了好多年，那個畫面卻還是清楚得像昨天一樣。,341.745,2962.732,10.840813,True,https://jefflai108.github.io/tts/audio/v3-benchmark-2026-09-25/eleven_v3_conversational/yao-yuan-wu/p14.mp3
eleven_v3_conversational,Yao Yuan Wu,R55vTH9XmVSyAcM6YvtV,p15,我昨天很有決心地告訴自己，今天一定要早點睡，結果半夜還站在冰箱前面，認真思考剩下那塊蛋糕到底算不算宵夜。,283.175,2697.769,10.18775,True,https://jefflai108.github.io/tts/audio/v3-benchmark-2026-09-25/eleven_v3_conversational/yao-yuan-wu/p15.mp3
eleven_v3_conversational,Yao Yuan Wu,R55vTH9XmVSyAcM6YvtV,p16,小狐狸沿著月光照亮的小路，慢慢走回山上的家。牠把白天撿到的松果放在窗邊，輕輕地說了一聲晚安。遠處的森林安靜下來，只剩風吹過樹葉的聲音。,397.551,4090.555,14.759125,True,https://jefflai108.github.io/tts/audio/v3-benchmark-2026-09-25/eleven_v3_conversational/yao-yuan-wu/p16.mp3
eleven_v3_conversational,Yao Yuan Wu,R55vTH9XmVSyAcM6YvtV,p17,清晨的市場才剛開門，空氣裡已經飄著熱豆漿和煎蘿蔔糕的香味。攤販一邊整理蔬菜，一邊和熟客打招呼，讓還沒完全醒來的街道慢慢熱鬧起來。,422.167,3567.508,12.826063,True,https://jefflai108.github.io/tts/audio/v3-benchmark-2026-09-25/eleven_v3_conversational/yao-yuan-wu/p17.mp3
eleven_v3_conversational,Yao Yuan Wu,R55vTH9XmVSyAcM6YvtV,p18,"我們抵達海拔2,350公尺的觀景台時，溫度只有攝氏12度。雖然一路走得有點喘，但看到雲海從山谷裡慢慢升起，大家都覺得這趟來得很值得。",262.866,3977.32,14.02775,True,https://jefflai108.github.io/tts/audio/v3-benchmark-2026-09-25/eleven_v3_conversational/yao-yuan-wu/p18.mp3
eleven_v3_conversational,Yao Yuan Wu,R55vTH9XmVSyAcM6YvtV,p19,你可以把語音串流想像成水龍頭。聲音一小段一小段送過來，播放器收到之後就能開始播放。不必等到整段內容都準備好了，才聽得到第一句話。,280.163,3594.769,12.591,True,https://jefflai108.github.io/tts/audio/v3-benchmark-2026-09-25/eleven_v3_conversational/yao-yuan-wu/p19.mp3
eleven_v3_conversational,Yao Yuan Wu,R55vTH9XmVSyAcM6YvtV,p20,有時候，進步不是把每一天都排得滿滿的，而是願意留一點空白，聽聽自己真正需要什麼。走得慢一點沒有關係，只要那個方向，仍然是你想去的地方。,309.028,4032.113,13.244063,True,https://jefflai108.github.io/tts/audio/v3-benchmark-2026-09-25/eleven_v3_conversational/yao-yuan-wu/p20.mp3
eleven_v3_conversational,Zack,DSyEP4HEaCKur8rFFOri,p01,好久不見，你最近過得怎麼樣？我剛好在附近買咖啡，要不要找個地方坐一下，慢慢聊聊近況？,245.113,2345.432,8.359125,True,https://jefflai108.github.io/tts/audio/v3-benchmark-2026-09-25/eleven_v3_conversational/zack/p01.mp3
eleven_v3_conversational,Zack,DSyEP4HEaCKur8rFFOri,p02,老闆，麻煩給我兩份蛋餅，一份不要加辣，另一份多一點醬油。飲料都要無糖豆漿，等一下我再過來拿，謝謝。,234.348,2494.973,9.482438,True,https://jefflai108.github.io/tts/audio/v3-benchmark-2026-09-25/eleven_v3_conversational/zack/p02.mp3
eleven_v3_conversational,Zack,DSyEP4HEaCKur8rFFOri,p03,外面看起來快下雨了，你出門記得帶傘。薄外套也拿一件，晚上可能會有點涼。到家之後傳個訊息給我，我才不會擔心。,336.585,3335.785,12.43425,True,https://jefflai108.github.io/tts/audio/v3-benchmark-2026-09-25/eleven_v3_conversational/zack/p03.mp3
eleven_v3_conversational,Zack,DSyEP4HEaCKur8rFFOri,p04,這個週末如果天氣不錯，我們就搭捷運去淡水，沿著河邊慢慢散步，再找一家可以看夕陽的咖啡店坐到傍晚。,271.994,2599.53,9.952625,True,https://jefflai108.github.io/tts/audio/v3-benchmark-2026-09-25/eleven_v3_conversational/zack/p04.mp3
eleven_v3_conversational,Zack,DSyEP4HEaCKur8rFFOri,p05,你從捷運站二號出口出來，先往右邊走。看到便利商店之後，在下一個路口左轉。那間店就在巷子底，有一扇深綠色的門。,262.894,3524.84,12.43425,True,https://jefflai108.github.io/tts/audio/v3-benchmark-2026-09-25/eleven_v3_conversational/zack/p05.mp3
eleven_v3_conversational,Zack,DSyEP4HEaCKur8rFFOri,p06,"這筆訂單原價是1,280元，使用九折優惠後，一共是1,152元。你可以用信用卡或行動支付，付款完成後會收到電子發票。",292.686,3586.468,13.008938,True,https://jefflai108.github.io/tts/audio/v3-benchmark-2026-09-25/eleven_v3_conversational/zack/p06.mp3
eleven_v3_conversational,Zack,DSyEP4HEaCKur8rFFOri,p07,活動訂在10月3日14:30開始，地點是台北車站附近的會議中心。建議你提前十五分鐘到場，這樣就有時間報到，順便找個喜歡的位子。,273.475,3461.924,13.5575,True,https://jefflai108.github.io/tts/audio/v3-benchmark-2026-09-25/eleven_v3_conversational/zack/p07.mp3
eleven_v3_conversational,Zack,DSyEP4HEaCKur8rFFOri,p08,我把新的demo放到GitHub了，你有空可以幫我看看。這次主要調整了介面和語音播放，手機上用Safari或Chrome都能直接打開。,268.568,3258.477,11.15425,True,https://jefflai108.github.io/tts/audio/v3-benchmark-2026-09-25/eleven_v3_conversational/zack/p08.mp3
eleven_v3_conversational,Zack,DSyEP4HEaCKur8rFFOri,p09,我們先確認一下Wi-Fi有沒有連上。你可以試著重新整理網頁，或是把App關掉再打開。如果還是不行，跟我說畫面上出現了什麼訊息。,259.711,3613.229,12.930563,True,https://jefflai108.github.io/tts/audio/v3-benchmark-2026-09-25/eleven_v3_conversational/zack/p09.mp3
eleven_v3_conversational,Zack,DSyEP4HEaCKur8rFFOri,p10,今天真的辛苦你了，事情沒有照計畫進行，也不代表你做得不好。我們先休息一下，等心情比較平靜，再一起想下一步怎麼走。,244.537,3339.809,11.389375,True,https://jefflai108.github.io/tts/audio/v3-benchmark-2026-09-25/eleven_v3_conversational/zack/p10.mp3
eleven_v3_conversational,Zack,DSyEP4HEaCKur8rFFOri,p11,太好了，我們終於訂到那間一直想去的餐廳了！我已經開始期待他們的招牌甜點，你可別在出門前就把肚子吃飽喔。,394.938,2672.278,9.482438,True,https://jefflai108.github.io/tts/audio/v3-benchmark-2026-09-25/eleven_v3_conversational/zack/p11.mp3
eleven_v3_conversational,Zack,DSyEP4HEaCKur8rFFOri,p12,謝謝你特地邀請我，不過那天我已經有其他安排，這次可能沒辦法參加。下次如果還有機會，記得再找我，我也很想跟大家聚一聚。,354.328,3815.306,14.106063,True,https://jefflai108.github.io/tts/audio/v3-benchmark-2026-09-25/eleven_v3_conversational/zack/p12.mp3
eleven_v3_conversational,Zack,DSyEP4HEaCKur8rFFOri,p13,不好意思，讓你等這麼久。剛才路上有點塞車，我應該早一點出門的。你想喝什麼，我請你，就當作是我的小小賠罪。,301.704,2736.574,9.168938,True,https://jefflai108.github.io/tts/audio/v3-benchmark-2026-09-25/eleven_v3_conversational/zack/p13.mp3
eleven_v3_conversational,Zack,DSyEP4HEaCKur8rFFOri,p14,你有沒有想過，為什麼有些歌只要聽到前奏，就會立刻想起某一段回憶？明明已經過了好多年，那個畫面卻還是清楚得像昨天一樣。,350.012,3320.121,10.840813,True,https://jefflai108.github.io/tts/audio/v3-benchmark-2026-09-25/eleven_v3_conversational/zack/p14.mp3
eleven_v3_conversational,Zack,DSyEP4HEaCKur8rFFOri,p15,我昨天很有決心地告訴自己，今天一定要早點睡，結果半夜還站在冰箱前面，認真思考剩下那塊蛋糕到底算不算宵夜。,271.108,3167.11,10.9975,True,https://jefflai108.github.io/tts/audio/v3-benchmark-2026-09-25/eleven_v3_conversational/zack/p15.mp3
eleven_v3_conversational,Zack,DSyEP4HEaCKur8rFFOri,p16,小狐狸沿著月光照亮的小路，慢慢走回山上的家。牠把白天撿到的松果放在窗邊，輕輕地說了一聲晚安。遠處的森林安靜下來，只剩風吹過樹葉的聲音。,286.212,4670.494,17.240813,True,https://jefflai108.github.io/tts/audio/v3-benchmark-2026-09-25/eleven_v3_conversational/zack/p16.mp3
eleven_v3_conversational,Zack,DSyEP4HEaCKur8rFFOri,p17,清晨的市場才剛開門，空氣裡已經飄著熱豆漿和煎蘿蔔糕的香味。攤販一邊整理蔬菜，一邊和熟客打招呼，讓還沒完全醒來的街道慢慢熱鬧起來。,245.824,3735.964,14.106063,True,https://jefflai108.github.io/tts/audio/v3-benchmark-2026-09-25/eleven_v3_conversational/zack/p17.mp3
eleven_v3_conversational,Zack,DSyEP4HEaCKur8rFFOri,p18,"我們抵達海拔2,350公尺的觀景台時，溫度只有攝氏12度。雖然一路走得有點喘，但看到雲海從山谷裡慢慢升起，大家都覺得這趟來得很值得。",258.812,3786.069,15.30775,True,https://jefflai108.github.io/tts/audio/v3-benchmark-2026-09-25/eleven_v3_conversational/zack/p18.mp3
eleven_v3_conversational,Zack,DSyEP4HEaCKur8rFFOri,p19,你可以把語音串流想像成水龍頭。聲音一小段一小段送過來，播放器收到之後就能開始播放。不必等到整段內容都準備好了，才聽得到第一句話。,273.031,3770.026,12.826063,True,https://jefflai108.github.io/tts/audio/v3-benchmark-2026-09-25/eleven_v3_conversational/zack/p19.mp3
eleven_v3_conversational,Zack,DSyEP4HEaCKur8rFFOri,p20,有時候，進步不是把每一天都排得滿滿的，而是願意留一點空白，聽聽自己真正需要什麼。走得慢一點沒有關係，只要那個方向，仍然是你想去的地方。,350.397,3785.44,13.71425,True,https://jefflai108.github.io/tts/audio/v3-benchmark-2026-09-25/eleven_v3_conversational/zack/p20.mp3
